species	clade	n	mm	obs	null	pct_obs	pct_null
qelepcurv	Invertebrate	277	0	0	0	0.0	0.0
qelepcurv	Invertebrate	277	1	0	0	0.0	0.0
qelepcurv	Invertebrate	277	2	0	1	0.0	0.36101083032490977
qelepcurv	Invertebrate	277	3	1	9	0.36101083032490977	3.2490974729241877
qelepcurv	Invertebrate	277	4	3	67	1.0830324909747293	24.187725631768952
qelepcurv	Invertebrate	277	5	53	234	19.133574007220215	84.47653429602889
qeorcflav	Invertebrate	500	0	0	0	0.0	0.0
qeorcflav	Invertebrate	500	1	0	0	0.0	0.0
qeorcflav	Invertebrate	500	2	0	1	0.0	0.2
qeorcflav	Invertebrate	500	3	0	4	0.0	0.8
qeorcflav	Invertebrate	500	4	0	28	0.0	5.6
qeorcflav	Invertebrate	500	5	55	172	11.0	34.4
qeallfusc	Invertebrate	500	0	0	0	0.0	0.0
qeallfusc	Invertebrate	500	1	0	0	0.0	0.0
qeallfusc	Invertebrate	500	2	0	0	0.0	0.0
qeallfusc	Invertebrate	500	3	0	1	0.0	0.2
qeallfusc	Invertebrate	500	4	0	18	0.0	3.6
qeallfusc	Invertebrate	500	5	55	124	11.0	24.8
ioisceleg	Invertebrate	500	0	0	0	0.0	0.0
ioisceleg	Invertebrate	500	1	0	0	0.0	0.0
ioisceleg	Invertebrate	500	2	0	0	0.0	0.0
ioisceleg	Invertebrate	500	3	0	2	0.0	0.4
ioisceleg	Invertebrate	500	4	28	23	5.6	4.6
ioisceleg	Invertebrate	500	5	196	198	39.2	39.6
ieclodipt	Invertebrate	500	0	0	0	0.0	0.0
ieclodipt	Invertebrate	500	1	0	0	0.0	0.0
ieclodipt	Invertebrate	500	2	0	0	0.0	0.0
ieclodipt	Invertebrate	500	3	0	0	0.0	0.0
ieclodipt	Invertebrate	500	4	0	5	0.0	1.0
ieclodipt	Invertebrate	500	5	50	48	10.0	9.6
ieecdtorr	Invertebrate	500	0	0	0	0.0	0.0
ieecdtorr	Invertebrate	500	1	0	0	0.0	0.0
ieecdtorr	Invertebrate	500	2	0	0	0.0	0.0
ieecdtorr	Invertebrate	500	3	0	1	0.0	0.2
ieecdtorr	Invertebrate	500	4	7	11	1.4	2.2
ieecdtorr	Invertebrate	500	5	234	131	46.8	26.2
ieprobifi	Invertebrate	500	0	0	0	0.0	0.0
ieprobifi	Invertebrate	500	1	0	0	0.0	0.0
ieprobifi	Invertebrate	500	2	0	0	0.0	0.0
ieprobifi	Invertebrate	500	3	0	3	0.0	0.6
ieprobifi	Invertebrate	500	4	10	28	2.0	5.6
ieprobifi	Invertebrate	500	5	224	208	44.8	41.6
iesipalte	Invertebrate	500	0	0	0	0.0	0.0
iesipalte	Invertebrate	500	1	0	0	0.0	0.0
iesipalte	Invertebrate	500	2	0	0	0.0	0.0
iesipalte	Invertebrate	500	3	0	0	0.0	0.0
iesipalte	Invertebrate	500	4	12	21	2.4	4.2
iesipalte	Invertebrate	500	5	291	165	58.2	33.0
ihaelacum	Invertebrate	500	0	0	0	0.0	0.0
ihaelacum	Invertebrate	500	1	0	0	0.0	0.0
ihaelacum	Invertebrate	500	2	0	0	0.0	0.0
ihaelacum	Invertebrate	500	3	4	2	0.8	0.4
ihaelacum	Invertebrate	500	4	8	10	1.6	2.0
ihaelacum	Invertebrate	500	5	126	95	25.2	19.0
ihicepurc	Invertebrate	365	0	0	0	0.0	0.0
ihicepurc	Invertebrate	365	1	0	0	0.0	0.0
ihicepurc	Invertebrate	365	2	0	0	0.0	0.0
ihicepurc	Invertebrate	365	3	0	4	0.0	1.095890410958904
ihicepurc	Invertebrate	365	4	47	35	12.876712328767123	9.58904109589041
ihicepurc	Invertebrate	365	5	301	168	82.46575342465754	46.02739726027397
iuloevari	Invertebrate	500	0	0	0	0.0	0.0
iuloevari	Invertebrate	500	1	0	0	0.0	0.0
iuloevari	Invertebrate	500	2	0	0	0.0	0.0
iuloevari	Invertebrate	500	3	0	1	0.0	0.2
iuloevari	Invertebrate	500	4	12	26	2.4	5.2
iuloevari	Invertebrate	500	5	223	191	44.6	38.2
iupsogibb	Invertebrate	500	0	0	0	0.0	0.0
iupsogibb	Invertebrate	500	1	0	0	0.0	0.0
iupsogibb	Invertebrate	500	2	0	0	0.0	0.0
iupsogibb	Invertebrate	500	3	0	1	0.0	0.2
iupsogibb	Invertebrate	500	4	0	14	0.0	2.8
iupsogibb	Invertebrate	500	5	19	98	3.8	19.6
iglabmino	Invertebrate	500	0	0	0	0.0	0.0
iglabmino	Invertebrate	500	1	0	0	0.0	0.0
iglabmino	Invertebrate	500	2	0	0	0.0	0.0
iglabmino	Invertebrate	500	3	0	0	0.0	0.0
iglabmino	Invertebrate	500	4	0	5	0.0	1.0
iglabmino	Invertebrate	500	5	30	46	6.0	9.2
ibectpall	Invertebrate	500	0	0	0	0.0	0.0
ibectpall	Invertebrate	500	1	0	0	0.0	0.0
ibectpall	Invertebrate	500	2	0	0	0.0	0.0
ibectpall	Invertebrate	500	3	16	0	3.2	0.0
ibectpall	Invertebrate	500	4	36	29	7.2	5.8
ibectpall	Invertebrate	500	5	101	190	20.2	38.0
ipisogram	Invertebrate	500	0	0	0	0.0	0.0
ipisogram	Invertebrate	500	1	0	0	0.0	0.0
ipisogram	Invertebrate	500	2	0	0	0.0	0.0
ipisogram	Invertebrate	500	3	0	0	0.0	0.0
ipisogram	Invertebrate	500	4	2	6	0.4	1.2
ipisogram	Invertebrate	500	5	101	106	20.2	21.2
ipnemdubi	Invertebrate	438	0	0	0	0.0	0.0
ipnemdubi	Invertebrate	438	1	0	0	0.0	0.0
ipnemdubi	Invertebrate	438	2	0	0	0.0	0.0
ipnemdubi	Invertebrate	438	3	22	1	5.0228310502283104	0.228310502283105
ipnemdubi	Invertebrate	438	4	171	69	39.04109589041096	15.753424657534246
ipnemdubi	Invertebrate	438	5	415	362	94.74885844748859	82.64840182648402
iymacalbo	Invertebrate	500	0	0	0	0.0	0.0
iymacalbo	Invertebrate	500	1	0	0	0.0	0.0
iymacalbo	Invertebrate	500	2	0	0	0.0	0.0
iymacalbo	Invertebrate	500	3	1	1	0.2	0.2
iymacalbo	Invertebrate	500	4	32	6	6.4	1.2
iymacalbo	Invertebrate	500	5	171	103	34.2	20.6
iyathrosa	Invertebrate	500	0	0	0	0.0	0.0
iyathrosa	Invertebrate	500	1	0	0	0.0	0.0
iyathrosa	Invertebrate	500	2	0	0	0.0	0.0
iyathrosa	Invertebrate	500	3	0	0	0.0	0.0
iyathrosa	Invertebrate	500	4	1	3	0.2	0.6
iyathrosa	Invertebrate	500	5	32	44	6.4	8.8
iyabicand	Invertebrate	500	0	0	0	0.0	0.0
iyabicand	Invertebrate	500	1	0	0	0.0	0.0
iyabicand	Invertebrate	500	2	0	0	0.0	0.0
iyabicand	Invertebrate	500	3	0	0	0.0	0.0
iyabicand	Invertebrate	500	4	6	12	1.2	2.4
iyabicand	Invertebrate	500	5	125	130	25.0	26.0
iynyspin	Invertebrate	392	0	0	0	0.0	0.0
iynyspin	Invertebrate	392	1	0	0	0.0	0.0
iynyspin	Invertebrate	392	2	0	0	0.0	0.0
iynyspin	Invertebrate	392	3	2	4	0.5102040816326531	1.0204081632653061
iynyspin	Invertebrate	392	4	73	17	18.622448979591837	4.336734693877551
iynyspin	Invertebrate	392	5	391	128	99.74489795918367	32.6530612244898
iyectcont	Invertebrate	500	0	0	0	0.0	0.0
iyectcont	Invertebrate	500	1	0	0	0.0	0.0
iyectcont	Invertebrate	500	2	0	0	0.0	0.0
iyectcont	Invertebrate	500	3	0	3	0.0	0.6
iyectcont	Invertebrate	500	4	33	19	6.6	3.8
iyectcont	Invertebrate	500	5	143	164	28.6	32.8
iyanddors	Invertebrate	152	0	0	0	0.0	0.0
iyanddors	Invertebrate	152	1	0	0	0.0	0.0
iyanddors	Invertebrate	152	2	0	0	0.0	0.0
iyanddors	Invertebrate	152	3	0	0	0.0	0.0
iyanddors	Invertebrate	152	4	7	13	4.605263157894737	8.552631578947368
iyanddors	Invertebrate	152	5	150	68	98.6842105263158	44.73684210526316
iylasvill	Invertebrate	500	0	0	0	0.0	0.0
iylasvill	Invertebrate	500	1	0	0	0.0	0.0
iylasvill	Invertebrate	500	2	0	0	0.0	0.0
iylasvill	Invertebrate	500	3	3	3	0.6	0.6
iylasvill	Invertebrate	500	4	35	46	7.0	9.2
iylasvill	Invertebrate	500	5	119	205	23.8	41.0
iyseltumu	Invertebrate	500	0	0	0	0.0	0.0
iyseltumu	Invertebrate	500	1	0	0	0.0	0.0
iyseltumu	Invertebrate	500	2	0	0	0.0	0.0
iyseltumu	Invertebrate	500	3	0	0	0.0	0.0
iyseltumu	Invertebrate	500	4	0	11	0.0	2.2
iyseltumu	Invertebrate	500	5	12	76	2.4	15.2
iycoeconi	Invertebrate	500	0	0	0	0.0	0.0
iycoeconi	Invertebrate	500	1	0	0	0.0	0.0
iycoeconi	Invertebrate	500	2	0	1	0.0	0.2
iycoeconi	Invertebrate	500	3	0	11	0.0	2.2
iycoeconi	Invertebrate	500	4	2	95	0.4	19.0
iycoeconi	Invertebrate	500	5	34	401	6.8	80.2
iystephae	Invertebrate	500	0	0	0	0.0	0.0
iystephae	Invertebrate	500	1	0	0	0.0	0.0
iystephae	Invertebrate	500	2	0	0	0.0	0.0
iystephae	Invertebrate	500	3	2	0	0.4	0.0
iystephae	Invertebrate	500	4	24	8	4.8	1.6
iystephae	Invertebrate	500	5	82	62	16.4	12.4
iybomhypn	Invertebrate	479	0	0	0	0.0	0.0
iybomhypn	Invertebrate	479	1	0	0	0.0	0.0
iybomhypn	Invertebrate	479	2	0	0	0.0	0.0
iybomhypn	Invertebrate	479	3	0	0	0.0	0.0
iybomhypn	Invertebrate	479	4	0	0	0.0	0.0
iybomhypn	Invertebrate	479	5	12	13	2.5052192066805845	2.7139874739039667
iynomfabr	Invertebrate	500	0	0	0	0.0	0.0
iynomfabr	Invertebrate	500	1	0	0	0.0	0.0
iynomfabr	Invertebrate	500	2	0	0	0.0	0.0
iynomfabr	Invertebrate	500	3	0	1	0.0	0.2
iynomfabr	Invertebrate	500	4	11	9	2.2	1.8
iynomfabr	Invertebrate	500	5	163	108	32.6	21.6
iymaceuro	Invertebrate	500	0	0	0	0.0	0.0
iymaceuro	Invertebrate	500	1	0	0	0.0	0.0
iymaceuro	Invertebrate	500	2	0	0	0.0	0.0
iymaceuro	Invertebrate	500	3	0	2	0.0	0.4
iymaceuro	Invertebrate	500	4	1	21	0.2	4.2
iymaceuro	Invertebrate	500	5	96	133	19.2	26.6
iymimdahl	Invertebrate	500	0	0	0	0.0	0.0
iymimdahl	Invertebrate	500	1	0	0	0.0	0.0
iymimdahl	Invertebrate	500	2	0	0	0.0	0.0
iymimdahl	Invertebrate	500	3	1	6	0.2	1.2
iymimdahl	Invertebrate	500	4	457	53	91.4	10.6
iymimdahl	Invertebrate	500	5	500	324	100.0	64.8
iypemlugu	Invertebrate	494	0	0	0	0.0	0.0
iypemlugu	Invertebrate	494	1	0	0	0.0	0.0
iypemlugu	Invertebrate	494	2	0	0	0.0	0.0
iypemlugu	Invertebrate	494	3	0	7	0.0	1.417004048582996
iypemlugu	Invertebrate	494	4	2	104	0.4048582995951417	21.05263157894737
iypemlugu	Invertebrate	494	5	88	416	17.813765182186234	84.21052631578948
iytipfemo	Invertebrate	500	0	0	0	0.0	0.0
iytipfemo	Invertebrate	500	1	0	0	0.0	0.0
iytipfemo	Invertebrate	500	2	0	0	0.0	0.0
iytipfemo	Invertebrate	500	3	0	3	0.0	0.6
iytipfemo	Invertebrate	500	4	3	25	0.6	5.0
iytipfemo	Invertebrate	500	5	170	134	34.0	26.8
iypripert	Invertebrate	500	0	0	0	0.0	0.0
iypripert	Invertebrate	500	1	0	0	0.0	0.0
iypripert	Invertebrate	500	2	0	0	0.0	0.0
iypripert	Invertebrate	500	3	0	3	0.0	0.6
iypripert	Invertebrate	500	4	4	20	0.8	4.0
iypripert	Invertebrate	500	5	104	169	20.8	33.8
iyanonige	Invertebrate	500	0	0	0	0.0	0.0
iyanonige	Invertebrate	500	1	0	0	0.0	0.0
iyanonige	Invertebrate	500	2	0	0	0.0	0.0
iyanonige	Invertebrate	500	3	0	0	0.0	0.0
iyanonige	Invertebrate	500	4	16	38	3.2	7.6
iyanonige	Invertebrate	500	5	372	286	74.4	57.2
iyvesvulg	Invertebrate	71	0	0	0	0.0	0.0
iyvesvulg	Invertebrate	71	1	0	0	0.0	0.0
iyvesvulg	Invertebrate	71	2	0	0	0.0	0.0
iyvesvulg	Invertebrate	71	3	2	2	2.816901408450704	2.816901408450704
iyvesvulg	Invertebrate	71	4	16	11	22.535211267605632	15.492957746478874
iyvesvulg	Invertebrate	71	5	51	49	71.83098591549296	69.01408450704226
iyapainim	Invertebrate	500	0	0	0	0.0	0.0
iyapainim	Invertebrate	500	1	0	0	0.0	0.0
iyapainim	Invertebrate	500	2	0	0	0.0	0.0
iyapainim	Invertebrate	500	3	0	2	0.0	0.4
iyapainim	Invertebrate	500	4	20	46	4.0	9.2
iyapainim	Invertebrate	500	5	397	268	79.4	53.6
iyvulbima	Invertebrate	500	0	0	0	0.0	0.0
iyvulbima	Invertebrate	500	1	0	0	0.0	0.0
iyvulbima	Invertebrate	500	2	0	0	0.0	0.0
iyvulbima	Invertebrate	500	3	1	0	0.2	0.0
iyvulbima	Invertebrate	500	4	43	17	8.6	3.4
iyvulbima	Invertebrate	500	5	205	144	41.0	28.8
iyarmarma	Invertebrate	500	0	0	0	0.0	0.0
iyarmarma	Invertebrate	500	1	0	0	0.0	0.0
iyarmarma	Invertebrate	500	2	11	0	2.2	0.0
iyarmarma	Invertebrate	500	3	52	2	10.4	0.4
iyarmarma	Invertebrate	500	4	340	13	68.0	2.6
iyarmarma	Invertebrate	500	5	463	144	92.6	28.8
iyophlute	Invertebrate	500	0	0	0	0.0	0.0
iyophlute	Invertebrate	500	1	0	0	0.0	0.0
iyophlute	Invertebrate	500	2	0	0	0.0	0.0
iyophlute	Invertebrate	500	3	0	4	0.0	0.8
iyophlute	Invertebrate	500	4	3	23	0.6	4.6
iyophlute	Invertebrate	500	5	29	180	5.8	36.0
inchrcarn	Invertebrate	500	0	0	0	0.0	0.0
inchrcarn	Invertebrate	500	1	0	0	0.0	0.0
inchrcarn	Invertebrate	500	2	0	0	0.0	0.0
inchrcarn	Invertebrate	500	3	0	2	0.0	0.4
inchrcarn	Invertebrate	500	4	5	6	1.0	1.2
inchrcarn	Invertebrate	500	5	122	84	24.4	16.8
icptemadi	Invertebrate	500	0	0	0	0.0	0.0
icptemadi	Invertebrate	500	1	0	0	0.0	0.0
icptemadi	Invertebrate	500	2	0	0	0.0	0.0
icptemadi	Invertebrate	500	3	0	1	0.0	0.2
icptemadi	Invertebrate	500	4	4	4	0.8	0.8
icptemadi	Invertebrate	500	5	208	82	41.6	16.4
icagofuli	Invertebrate	500	0	0	0	0.0	0.0
icagofuli	Invertebrate	500	1	0	0	0.0	0.0
icagofuli	Invertebrate	500	2	0	0	0.0	0.0
icagofuli	Invertebrate	500	3	0	1	0.0	0.2
icagofuli	Invertebrate	500	4	1	13	0.2	2.6
icagofuli	Invertebrate	500	5	438	158	87.6	31.6
icnebbrev	Invertebrate	500	0	0	0	0.0	0.0
icnebbrev	Invertebrate	500	1	0	0	0.0	0.0
icnebbrev	Invertebrate	500	2	0	0	0.0	0.0
icnebbrev	Invertebrate	500	3	0	0	0.0	0.0
icnebbrev	Invertebrate	500	4	25	3	5.0	0.6
icnebbrev	Invertebrate	500	5	398	75	79.6	15.0
icnebsali	Invertebrate	500	0	0	0	0.0	0.0
icnebsali	Invertebrate	500	1	0	0	0.0	0.0
icnebsali	Invertebrate	500	2	0	0	0.0	0.0
icnebsali	Invertebrate	500	3	1	0	0.2	0.0
icnebsali	Invertebrate	500	4	99	8	19.8	1.6
icnebsali	Invertebrate	500	5	390	85	78.0	17.0
iccarprob	Invertebrate	500	0	0	0	0.0	0.0
iccarprob	Invertebrate	500	1	0	0	0.0	0.0
iccarprob	Invertebrate	500	2	0	0	0.0	0.0
iccarprob	Invertebrate	500	3	0	1	0.0	0.2
iccarprob	Invertebrate	500	4	64	20	12.8	4.0
iccarprob	Invertebrate	500	5	391	141	78.2	28.2
icocyolen	Invertebrate	500	0	0	0	0.0	0.0
icocyolen	Invertebrate	500	1	0	0	0.0	0.0
icocyolen	Invertebrate	500	2	0	0	0.0	0.0
icocyolen	Invertebrate	500	3	0	1	0.0	0.2
icocyolen	Invertebrate	500	4	2	14	0.4	2.8
icocyolen	Invertebrate	500	5	402	87	80.4	17.4
icquelate	Invertebrate	499	0	0	0	0.0	0.0
icquelate	Invertebrate	499	1	0	0	0.0	0.0
icquelate	Invertebrate	499	2	0	0	0.0	0.0
icquelate	Invertebrate	499	3	0	5	0.0	1.002004008016032
icquelate	Invertebrate	499	4	21	37	4.208416833667335	7.414829659318637
icquelate	Invertebrate	499	5	159	194	31.86372745490982	38.877755511022045
icsilatra	Invertebrate	500	0	0	0	0.0	0.0
icsilatra	Invertebrate	500	1	0	0	0.0	0.0
icsilatra	Invertebrate	500	2	0	0	0.0	0.0
icsilatra	Invertebrate	500	3	45	2	9.0	0.4
icsilatra	Invertebrate	500	4	265	17	53.0	3.4
icsilatra	Invertebrate	500	5	312	153	62.4	30.6
icnicinve	Invertebrate	500	0	0	0	0.0	0.0
icnicinve	Invertebrate	500	1	0	0	0.0	0.0
icnicinve	Invertebrate	500	2	0	0	0.0	0.0
icnicinve	Invertebrate	500	3	0	1	0.0	0.2
icnicinve	Invertebrate	500	4	9	10	1.8	2.0
icnicinve	Invertebrate	500	5	376	107	75.2	21.4
icscaquad	Invertebrate	500	0	0	0	0.0	0.0
icscaquad	Invertebrate	500	1	0	0	0.0	0.0
icscaquad	Invertebrate	500	2	0	0	0.0	0.0
icscaquad	Invertebrate	500	3	0	0	0.0	0.0
icscaquad	Invertebrate	500	4	0	3	0.0	0.6
icscaquad	Invertebrate	500	5	6	33	1.2	6.6
iccetaura	Invertebrate	500	0	0	0	0.0	0.0
iccetaura	Invertebrate	500	1	0	0	0.0	0.0
iccetaura	Invertebrate	500	2	0	0	0.0	0.0
iccetaura	Invertebrate	500	3	0	2	0.0	0.4
iccetaura	Invertebrate	500	4	0	14	0.0	2.8
iccetaura	Invertebrate	500	5	44	163	8.8	32.6
iclepmacu	Invertebrate	495	0	0	0	0.0	0.0
iclepmacu	Invertebrate	495	1	0	0	0.0	0.0
iclepmacu	Invertebrate	495	2	0	0	0.0	0.0
iclepmacu	Invertebrate	495	3	0	4	0.0	0.8080808080808081
iclepmacu	Invertebrate	495	4	4	17	0.8080808080808081	3.4343434343434343
iclepmacu	Invertebrate	495	5	220	193	44.44444444444444	38.98989898989899
icpolcerv	Invertebrate	500	0	0	0	0.0	0.0
icpolcerv	Invertebrate	500	1	0	0	0.0	0.0
icpolcerv	Invertebrate	500	2	2	0	0.4	0.0
icpolcerv	Invertebrate	500	3	229	7	45.8	1.4
icpolcerv	Invertebrate	500	4	397	58	79.4	11.6
icpolcerv	Invertebrate	500	5	482	345	96.4	69.0
icapocory	Invertebrate	500	0	0	0	0.0	0.0
icapocory	Invertebrate	500	1	0	0	0.0	0.0
icapocory	Invertebrate	500	2	0	0	0.0	0.0
icapocory	Invertebrate	500	3	0	0	0.0	0.0
icapocory	Invertebrate	500	4	1	7	0.2	1.4
icapocory	Invertebrate	500	5	33	56	6.6	11.2
icadabipu	Invertebrate	500	0	0	0	0.0	0.0
icadabipu	Invertebrate	500	1	0	0	0.0	0.0
icadabipu	Invertebrate	500	2	0	0	0.0	0.0
icadabipu	Invertebrate	500	3	0	1	0.0	0.2
icadabipu	Invertebrate	500	4	0	18	0.0	3.6
icadabipu	Invertebrate	500	5	15	120	3.0	24.0
iccocsept	Invertebrate	500	0	0	0	0.0	0.0
iccocsept	Invertebrate	500	1	0	0	0.0	0.0
iccocsept	Invertebrate	500	2	0	0	0.0	0.0
iccocsept	Invertebrate	500	3	0	0	0.0	0.0
iccocsept	Invertebrate	500	4	1	23	0.2	4.6
iccocsept	Invertebrate	500	5	79	130	15.8	26.0
icharaxyr	Invertebrate	500	0	0	0	0.0	0.0
icharaxyr	Invertebrate	500	1	0	0	0.0	0.0
icharaxyr	Invertebrate	500	2	0	0	0.0	0.0
icharaxyr	Invertebrate	500	3	6	3	1.2	0.6
icharaxyr	Invertebrate	500	4	259	27	51.8	5.4
icharaxyr	Invertebrate	500	5	377	214	75.4	42.8
ichalsede	Invertebrate	500	0	0	0	0.0	0.0
ichalsede	Invertebrate	500	1	0	0	0.0	0.0
ichalsede	Invertebrate	500	2	0	0	0.0	0.0
ichalsede	Invertebrate	500	3	0	0	0.0	0.0
ichalsede	Invertebrate	500	4	2	13	0.4	2.6
ichalsede	Invertebrate	500	5	58	106	11.6	21.2
icmalbipu	Invertebrate	500	0	0	0	0.0	0.0
icmalbipu	Invertebrate	500	1	0	0	0.0	0.0
icmalbipu	Invertebrate	500	2	0	0	0.0	0.0
icmalbipu	Invertebrate	500	3	0	1	0.0	0.2
icmalbipu	Invertebrate	500	4	25	19	5.0	3.8
icmalbipu	Invertebrate	500	5	209	139	41.8	27.8
icrhafulv	Invertebrate	500	0	0	0	0.0	0.0
icrhafulv	Invertebrate	500	1	0	0	0.0	0.0
icrhafulv	Invertebrate	500	2	0	0	0.0	0.0
icrhafulv	Invertebrate	500	3	0	0	0.0	0.0
icrhafulv	Invertebrate	500	4	0	1	0.0	0.2
icrhafulv	Invertebrate	500	5	0	33	0.0	6.6
iccanrust	Invertebrate	500	0	0	0	0.0	0.0
iccanrust	Invertebrate	500	1	0	0	0.0	0.0
iccanrust	Invertebrate	500	2	0	0	0.0	0.0
iccanrust	Invertebrate	500	3	0	0	0.0	0.0
iccanrust	Invertebrate	500	4	0	10	0.0	2.0
iccanrust	Invertebrate	500	5	11	89	2.2	17.8
icagrcyan	Invertebrate	500	0	0	0	0.0	0.0
icagrcyan	Invertebrate	500	1	0	0	0.0	0.0
icagrcyan	Invertebrate	500	2	0	0	0.0	0.0
icagrcyan	Invertebrate	500	3	0	1	0.0	0.2
icagrcyan	Invertebrate	500	4	3	29	0.6	5.8
icagrcyan	Invertebrate	500	5	55	133	11.0	26.6
idbibmarc	Invertebrate	500	0	0	0	0.0	0.0
idbibmarc	Invertebrate	500	1	0	0	0.0	0.0
idbibmarc	Invertebrate	500	2	0	0	0.0	0.0
idbibmarc	Invertebrate	500	3	0	0	0.0	0.0
idbibmarc	Invertebrate	500	4	0	4	0.0	0.8
idbibmarc	Invertebrate	500	5	1	38	0.2	7.6
idacrorbc	Invertebrate	305	0	0	0	0.0	0.0
idacrorbc	Invertebrate	305	1	0	0	0.0	0.0
idacrorbc	Invertebrate	305	2	0	0	0.0	0.0
idacrorbc	Invertebrate	305	3	0	1	0.0	0.32786885245901637
idacrorbc	Invertebrate	305	4	15	23	4.918032786885246	7.540983606557377
idacrorbc	Invertebrate	305	5	283	142	92.78688524590164	46.557377049180324
idathibis	Invertebrate	500	0	0	0	0.0	0.0
idathibis	Invertebrate	500	1	0	0	0.0	0.0
idathibis	Invertebrate	500	2	0	0	0.0	0.0
idathibis	Invertebrate	500	3	0	2	0.0	0.4
idathibis	Invertebrate	500	4	0	21	0.0	4.2
idathibis	Invertebrate	500	5	72	279	14.4	55.8
idantanth	Invertebrate	478	0	0	0	0.0	0.0
idantanth	Invertebrate	478	1	0	0	0.0	0.0
idantanth	Invertebrate	478	2	0	0	0.0	0.0
idantanth	Invertebrate	478	3	0	0	0.0	0.0
idantanth	Invertebrate	478	4	2	15	0.41841004184100417	3.1380753138075312
idantanth	Invertebrate	478	5	189	154	39.53974895397489	32.21757322175732
idbomdisc	Invertebrate	500	0	0	0	0.0	0.0
idbomdisc	Invertebrate	500	1	0	0	0.0	0.0
idbomdisc	Invertebrate	500	2	0	0	0.0	0.0
idbomdisc	Invertebrate	500	3	0	1	0.0	0.2
idbomdisc	Invertebrate	500	4	1	5	0.2	1.0
idbomdisc	Invertebrate	500	5	81	73	16.2	14.6
idmacatri	Invertebrate	279	0	0	0	0.0	0.0
idmacatri	Invertebrate	279	1	0	0	0.0	0.0
idmacatri	Invertebrate	279	2	0	0	0.0	0.0
idmacatri	Invertebrate	279	3	0	1	0.0	0.35842293906810035
idmacatri	Invertebrate	279	4	14	5	5.017921146953405	1.7921146953405018
idmacatri	Invertebrate	279	5	175	52	62.72401433691756	18.63799283154122
idclutigr	Invertebrate	500	0	0	0	0.0	0.0
idclutigr	Invertebrate	500	1	0	0	0.0	0.0
idclutigr	Invertebrate	500	2	0	0	0.0	0.0
idclutigr	Invertebrate	500	3	0	2	0.0	0.4
idclutigr	Invertebrate	500	4	0	24	0.0	4.8
idclutigr	Invertebrate	500	5	48	158	9.6	31.6
idhydcyrt	Invertebrate	500	0	0	0	0.0	0.0
idhydcyrt	Invertebrate	500	1	0	0	0.0	0.0
idhydcyrt	Invertebrate	500	2	0	0	0.0	0.0
idhydcyrt	Invertebrate	500	3	0	1	0.0	0.2
idhydcyrt	Invertebrate	500	4	6	11	1.2	2.2
idhydcyrt	Invertebrate	500	5	300	83	60.0	16.6
idpolamen	Invertebrate	500	0	0	0	0.0	0.0
idpolamen	Invertebrate	500	1	0	0	0.0	0.0
idpolamen	Invertebrate	500	2	0	0	0.0	0.0
idpolamen	Invertebrate	500	3	0	0	0.0	0.0
idpolamen	Invertebrate	500	4	14	10	2.8	2.0
idpolamen	Invertebrate	500	5	374	107	74.8	21.4
idepisucc	Invertebrate	500	0	0	0	0.0	0.0
idepisucc	Invertebrate	500	1	0	0	0.0	0.0
idepisucc	Invertebrate	500	2	0	0	0.0	0.0
idepisucc	Invertebrate	500	3	0	1	0.0	0.2
idepisucc	Invertebrate	500	4	13	18	2.6	3.6
idepisucc	Invertebrate	500	5	298	117	59.6	23.4
idgymrotn	Invertebrate	500	0	0	0	0.0	0.0
idgymrotn	Invertebrate	500	1	0	0	0.0	0.0
idgymrotn	Invertebrate	500	2	0	0	0.0	0.0
idgymrotn	Invertebrate	500	3	0	0	0.0	0.0
idgymrotn	Invertebrate	500	4	16	18	3.2	3.6
idgymrotn	Invertebrate	500	5	299	128	59.8	25.6
idbelpand	Invertebrate	500	0	0	0	0.0	0.0
idbelpand	Invertebrate	500	1	0	0	0.0	0.0
idbelpand	Invertebrate	500	2	0	0	0.0	0.0
idbelpand	Invertebrate	500	3	0	0	0.0	0.0
idbelpand	Invertebrate	500	4	0	0	0.0	0.0
idbelpand	Invertebrate	500	5	0	6	0.0	1.2
idphymeln	Invertebrate	500	0	0	0	0.0	0.0
idphymeln	Invertebrate	500	1	0	0	0.0	0.0
idphymeln	Invertebrate	500	2	0	0	0.0	0.0
idphymeln	Invertebrate	500	3	0	0	0.0	0.0
idphymeln	Invertebrate	500	4	18	18	3.6	3.6
idphymeln	Invertebrate	500	5	56	117	11.2	23.4
idproazur	Invertebrate	500	0	0	0	0.0	0.0
idproazur	Invertebrate	500	1	0	0	0.0	0.0
idproazur	Invertebrate	500	2	0	0	0.0	0.0
idproazur	Invertebrate	500	3	9	0	1.8	0.0
idproazur	Invertebrate	500	4	122	8	24.4	1.6
idproazur	Invertebrate	500	5	235	87	47.0	17.4
iilimauri	Invertebrate	500	0	0	0	0.0	0.0
iilimauri	Invertebrate	500	1	0	0	0.0	0.0
iilimauri	Invertebrate	500	2	0	0	0.0	0.0
iilimauri	Invertebrate	500	3	0	1	0.0	0.2
iilimauri	Invertebrate	500	4	3	20	0.6	4.0
iilimauri	Invertebrate	500	5	36	132	7.2	26.4
iilimmarm	Invertebrate	500	0	0	0	0.0	0.0
iilimmarm	Invertebrate	500	1	0	0	0.0	0.0
iilimmarm	Invertebrate	500	2	0	0	0.0	0.0
iilimmarm	Invertebrate	500	3	0	1	0.0	0.2
iilimmarm	Invertebrate	500	4	2	18	0.4	3.6
iilimmarm	Invertebrate	500	5	82	151	16.4	30.2
iilimrhom	Invertebrate	500	0	0	0	0.0	0.0
iilimrhom	Invertebrate	500	1	0	0	0.0	0.0
iilimrhom	Invertebrate	500	2	0	0	0.0	0.0
iilimrhom	Invertebrate	500	3	0	2	0.0	0.4
iilimrhom	Invertebrate	500	4	1	21	0.2	4.2
iilimrhom	Invertebrate	500	5	71	157	14.2	31.4
iilimluna	Invertebrate	500	0	0	0	0.0	0.0
iilimluna	Invertebrate	500	1	0	0	0.0	0.0
iilimluna	Invertebrate	500	2	0	0	0.0	0.0
iilimluna	Invertebrate	500	3	0	2	0.0	0.4
iilimluna	Invertebrate	500	4	2	28	0.4	5.6
iilimluna	Invertebrate	500	5	63	192	12.6	38.4
ilpienapi	Invertebrate	500	0	0	0	0.0	0.0
ilpienapi	Invertebrate	500	1	0	0	0.0	0.0
ilpienapi	Invertebrate	500	2	0	0	0.0	0.0
ilpienapi	Invertebrate	500	3	0	0	0.0	0.0
ilpienapi	Invertebrate	500	4	12	15	2.4	3.0
ilpienapi	Invertebrate	500	5	43	122	8.6	24.4
tzbugstol	Invertebrate	500	0	0	0	0.0	0.0
tzbugstol	Invertebrate	500	1	0	0	0.0	0.0
tzbugstol	Invertebrate	500	2	0	0	0.0	0.0
tzbugstol	Invertebrate	500	3	0	2	0.0	0.4
tzbugstol	Invertebrate	500	4	0	17	0.0	3.4
tzbugstol	Invertebrate	500	5	33	155	6.6	31.0
tzmemmemb	Invertebrate	500	0	0	0	0.0	0.0
tzmemmemb	Invertebrate	500	1	0	0	0.0	0.0
tzmemmemb	Invertebrate	500	2	0	0	0.0	0.0
tzmemmemb	Invertebrate	500	3	0	2	0.0	0.4
tzmemmemb	Invertebrate	500	4	3	42	0.6	8.4
tzmemmemb	Invertebrate	500	5	161	281	32.2	56.2
tnlinlong	Invertebrate	500	0	0	0	0.0	0.0
tnlinlong	Invertebrate	500	1	0	0	0.0	0.0
tnlinlong	Invertebrate	500	2	0	1	0.0	0.2
tnlinlong	Invertebrate	500	3	0	2	0.0	0.4
tnlinlong	Invertebrate	500	4	1	31	0.2	6.2
tnlinlong	Invertebrate	500	5	59	166	11.8	33.2
wplepclav	Invertebrate	500	0	0	0	0.0	0.0
wplepclav	Invertebrate	500	1	0	0	0.0	0.0
wplepclav	Invertebrate	500	2	0	0	0.0	0.0
wplepclav	Invertebrate	500	3	0	4	0.0	0.8
wplepclav	Invertebrate	500	4	40	40	8.0	8.0
wplepclav	Invertebrate	500	5	379	253	75.8	50.6
wpalivire	Invertebrate	500	0	0	0	0.0	0.0
wpalivire	Invertebrate	500	1	0	0	0.0	0.0
wpalivire	Invertebrate	500	2	0	1	0.0	0.2
wpalivire	Invertebrate	500	3	0	4	0.0	0.8
wpalivire	Invertebrate	500	4	5	19	1.0	3.8
wpalivire	Invertebrate	500	5	133	143	26.6	28.6
xblimfort	Invertebrate	483	0	0	0	0.0	0.0
xblimfort	Invertebrate	483	1	0	0	0.0	0.0
xblimfort	Invertebrate	483	2	0	0	0.0	0.0
xblimfort	Invertebrate	483	3	0	0	0.0	0.0
xblimfort	Invertebrate	483	4	0	1	0.0	0.2070393374741201
xblimfort	Invertebrate	483	5	0	11	0.0	2.277432712215321
xggibmagu	Invertebrate	500	0	0	0	0.0	0.0
xggibmagu	Invertebrate	500	1	0	0	0.0	0.0
xggibmagu	Invertebrate	500	2	0	0	0.0	0.0
xggibmagu	Invertebrate	500	3	0	1	0.0	0.2
xggibmagu	Invertebrate	500	4	17	28	3.4	5.6
xggibmagu	Invertebrate	500	5	414	178	82.8	35.6
ocsyccili	Invertebrate	500	0	0	0	0.0	0.0
ocsyccili	Invertebrate	500	1	0	0	0.0	0.0
ocsyccili	Invertebrate	500	2	0	0	0.0	0.0
ocsyccili	Invertebrate	500	3	6	0	1.2	0.0
ocsyccili	Invertebrate	500	4	237	40	47.4	8.0
ocsyccili	Invertebrate	500	5	442	275	88.4	55.0
jahalocto	Invertebrate	500	0	0	0	0.0	0.0
jahalocto	Invertebrate	500	1	0	0	0.0	0.0
jahalocto	Invertebrate	500	2	0	0	0.0	0.0
jahalocto	Invertebrate	500	3	0	0	0.0	0.0
jahalocto	Invertebrate	500	4	0	3	0.0	0.6
jahalocto	Invertebrate	500	5	74	37	14.8	7.4
jaricflor	Invertebrate	500	0	0	0	0.0	0.0
jaricflor	Invertebrate	500	1	0	0	0.0	0.0
jaricflor	Invertebrate	500	2	0	0	0.0	0.0
jaricflor	Invertebrate	500	3	0	3	0.0	0.6
jaricflor	Invertebrate	500	4	12	56	2.4	11.2
jaricflor	Invertebrate	500	5	329	344	65.8	68.8
jadialine	Invertebrate	500	0	0	0	0.0	0.0
jadialine	Invertebrate	500	1	0	0	0.0	0.0
jadialine	Invertebrate	500	2	0	0	0.0	0.0
jadialine	Invertebrate	500	3	0	1	0.0	0.2
jadialine	Invertebrate	500	4	0	10	0.0	2.0
jadialine	Invertebrate	500	5	23	86	4.6	17.2
jamemvect	Invertebrate	500	0	0	0	0.0	0.0
jamemvect	Invertebrate	500	1	0	0	0.0	0.0
jamemvect	Invertebrate	500	2	0	1	0.0	0.2
jamemvect	Invertebrate	500	3	0	5	0.0	1.0
jamemvect	Invertebrate	500	4	18	41	3.6	8.2
jamemvect	Invertebrate	500	5	487	298	97.4	59.6
eamarglac	Invertebrate	500	0	0	0	0.0	0.0
eamarglac	Invertebrate	500	1	0	0	0.0	0.0
eamarglac	Invertebrate	500	2	0	1	0.0	0.2
eamarglac	Invertebrate	500	3	0	6	0.0	1.2
eamarglac	Invertebrate	500	4	42	66	8.4	13.2
eamarglac	Invertebrate	500	5	429	379	85.8	75.8
kaaplturb	Invertebrate	500	0	0	0	0.0	0.0
kaaplturb	Invertebrate	500	1	0	0	0.0	0.0
kaaplturb	Invertebrate	500	2	0	0	0.0	0.0
kaaplturb	Invertebrate	500	3	0	0	0.0	0.0
kaaplturb	Invertebrate	500	4	2	4	0.4	0.8
kaaplturb	Invertebrate	500	5	319	44	63.8	8.8
falosap	Vertebrates	500	0	0	0	0.0	0.0
falosap	Vertebrates	500	1	0	0	0.0	0.0
falosap	Vertebrates	500	2	0	0	0.0	0.0
falosap	Vertebrates	500	3	0	0	0.0	0.0
falosap	Vertebrates	500	4	0	8	0.0	1.6
falosap	Vertebrates	500	5	45	98	9.0	19.6
fbarbab	Vertebrates	500	0	0	0	0.0	0.0
fbarbab	Vertebrates	500	1	0	0	0.0	0.0
fbarbab	Vertebrates	500	2	0	0	0.0	0.0
fbarbab	Vertebrates	500	3	0	0	0.0	0.0
fbarbab	Vertebrates	500	4	1	28	0.2	5.6
fbarbab	Vertebrates	500	5	78	189	15.6	37.8
fdanrer	Vertebrates	500	0	0	0	0.0	0.0
fdanrer	Vertebrates	500	1	0	0	0.0	0.0
fdanrer	Vertebrates	500	2	0	0	0.0	0.0
fdanrer	Vertebrates	500	3	0	2	0.0	0.4
fdanrer	Vertebrates	500	4	0	18	0.0	3.6
fdanrer	Vertebrates	500	5	19	147	3.8	29.4
ftratra	Vertebrates	500	0	0	0	0.0	0.0
ftratra	Vertebrates	500	1	0	0	0.0	0.0
ftratra	Vertebrates	500	2	0	0	0.0	0.0
ftratra	Vertebrates	500	3	8	3	1.6	0.6
ftratra	Vertebrates	500	4	450	26	90.0	5.2
ftratra	Vertebrates	500	5	496	183	99.2	36.6
ftaubub	Vertebrates	500	0	0	0	0.0	0.0
ftaubub	Vertebrates	500	1	0	0	0.0	0.0
ftaubub	Vertebrates	500	2	0	0	0.0	0.0
ftaubub	Vertebrates	500	3	0	0	0.0	0.0
ftaubub	Vertebrates	500	4	0	25	0.0	5.0
ftaubub	Vertebrates	500	5	11	149	2.2	29.8
fphogun	Vertebrates	291	0	0	0	0.0	0.0
fphogun	Vertebrates	291	1	0	0	0.0	0.0
fphogun	Vertebrates	291	2	0	0	0.0	0.0
fphogun	Vertebrates	291	3	0	0	0.0	0.0
fphogun	Vertebrates	291	4	0	17	0.0	5.841924398625429
fphogun	Vertebrates	291	5	8	73	2.7491408934707904	25.085910652920962
fthualb	Vertebrates	500	0	0	0	0.0	0.0
fthualb	Vertebrates	500	1	0	0	0.0	0.0
fthualb	Vertebrates	500	2	0	0	0.0	0.0
fthualb	Vertebrates	500	3	0	2	0.0	0.4
fthualb	Vertebrates	500	4	2	19	0.4	3.8
fthualb	Vertebrates	500	5	44	148	8.8	29.6
fthumac	Vertebrates	259	0	0	0	0.0	0.0
fthumac	Vertebrates	259	1	0	0	0.0	0.0
fthumac	Vertebrates	259	2	0	0	0.0	0.0
fthumac	Vertebrates	259	3	0	0	0.0	0.0
fthumac	Vertebrates	259	4	1	9	0.3861003861003861	3.474903474903475
fthumac	Vertebrates	259	5	27	63	10.424710424710424	24.324324324324323
bcorhaw	Vertebrates	500	0	0	0	0.0	0.0
bcorhaw	Vertebrates	500	1	0	0	0.0	0.0
bcorhaw	Vertebrates	500	2	0	0	0.0	0.0
bcorhaw	Vertebrates	500	3	0	15	0.0	3.0
bcorhaw	Vertebrates	500	4	342	169	68.4	33.8
bcorhaw	Vertebrates	500	5	436	482	87.2	96.4
bporhoc	Vertebrates	500	0	0	0	0.0	0.0
bporhoc	Vertebrates	500	1	0	0	0.0	0.0
bporhoc	Vertebrates	500	2	0	0	0.0	0.0
bporhoc	Vertebrates	500	3	0	2	0.0	0.4
bporhoc	Vertebrates	500	4	2	33	0.4	6.6
bporhoc	Vertebrates	500	5	54	214	10.8	42.8
baccgen	Vertebrates	500	0	0	0	0.0	0.0
baccgen	Vertebrates	500	1	0	0	0.0	0.0
baccgen	Vertebrates	500	2	0	0	0.0	0.0
baccgen	Vertebrates	500	3	2	3	0.4	0.6
baccgen	Vertebrates	500	4	53	18	10.6	3.6
baccgen	Vertebrates	500	5	387	195	77.4	39.0
bfalper	Vertebrates	500	0	0	0	0.0	0.0
bfalper	Vertebrates	500	1	0	0	0.0	0.0
bfalper	Vertebrates	500	2	0	0	0.0	0.0
bfalper	Vertebrates	500	3	0	3	0.0	0.6
bfalper	Vertebrates	500	4	7	34	1.4	6.8
bfalper	Vertebrates	500	5	90	190	18.0	38.0
bfalbia	Vertebrates	500	0	0	0	0.0	0.0
bfalbia	Vertebrates	500	1	0	0	0.0	0.0
bfalbia	Vertebrates	500	2	0	0	0.0	0.0
bfalbia	Vertebrates	500	3	0	3	0.0	0.6
bfalbia	Vertebrates	500	4	3	27	0.6	5.4
bfalbia	Vertebrates	500	5	120	211	24.0	42.2
bfalche	Vertebrates	500	0	0	0	0.0	0.0
bfalche	Vertebrates	500	1	0	0	0.0	0.0
bfalche	Vertebrates	500	2	0	0	0.0	0.0
bfalche	Vertebrates	500	3	0	5	0.0	1.0
bfalche	Vertebrates	500	4	3	26	0.6	5.2
bfalche	Vertebrates	500	5	69	181	13.8	36.2
bgalgal	Vertebrates	494	0	0	0	0.0	0.0
bgalgal	Vertebrates	494	1	0	0	0.0	0.0
bgalgal	Vertebrates	494	2	0	0	0.0	0.0
bgalgal	Vertebrates	494	3	0	1	0.0	0.20242914979757085
bgalgal	Vertebrates	494	4	1	4	0.20242914979757085	0.8097165991902834
bgalgal	Vertebrates	494	5	43	48	8.704453441295547	9.7165991902834
blagmut	Vertebrates	33	0	0	0	0.0	0.0
blagmut	Vertebrates	33	1	0	0	0.0	0.0
blagmut	Vertebrates	33	2	0	0	0.0	0.0
blagmut	Vertebrates	33	3	0	0	0.0	0.0
blagmut	Vertebrates	33	4	9	3	27.272727272727273	9.090909090909092
blagmut	Vertebrates	33	5	26	28	78.78787878787878	84.84848484848484
rviplat	Vertebrates	500	0	0	0	0.0	0.0
rviplat	Vertebrates	500	1	0	0	0.0	0.0
rviplat	Vertebrates	500	2	0	0	0.0	0.0
rviplat	Vertebrates	500	3	0	2	0.0	0.4
rviplat	Vertebrates	500	4	123	25	24.6	5.0
rviplat	Vertebrates	500	5	378	170	75.6	34.0
melemax	Vertebrates	500	0	0	0	0.0	0.0
melemax	Vertebrates	500	1	0	0	0.0	0.0
melemax	Vertebrates	500	2	0	0	0.0	0.0
melemax	Vertebrates	500	3	1	14	0.2	2.8
melemax	Vertebrates	500	4	214	135	42.8	27.0
melemax	Vertebrates	500	5	500	470	100.0	94.0
mlemcat	Vertebrates	499	0	0	0	0.0	0.0
mlemcat	Vertebrates	499	1	0	0	0.0	0.0
mlemcat	Vertebrates	499	2	0	0	0.0	0.0
mlemcat	Vertebrates	499	3	0	0	0.0	0.0
mlemcat	Vertebrates	499	4	0	10	0.0	2.004008016032064
mlemcat	Vertebrates	499	5	0	54	0.0	10.821643286573146
mdicbic	Vertebrates	500	0	0	0	0.0	0.0
mdicbic	Vertebrates	500	1	0	0	0.0	0.0
mdicbic	Vertebrates	500	2	0	1	0.0	0.2
mdicbic	Vertebrates	500	3	0	5	0.0	1.0
mdicbic	Vertebrates	500	4	19	29	3.8	5.8
mdicbic	Vertebrates	500	5	441	199	88.2	39.8
mcanlor	Vertebrates	500	0	0	0	0.0	0.0
mcanlor	Vertebrates	500	1	0	0	0.0	0.0
mcanlor	Vertebrates	500	2	0	0	0.0	0.0
mcanlor	Vertebrates	500	3	5	11	1.0	2.2
mcanlor	Vertebrates	500	4	327	108	65.4	21.6
mcanlor	Vertebrates	500	5	457	447	91.4	89.4
mmelmel	Vertebrates	500	0	0	0	0.0	0.0
mmelmel	Vertebrates	500	1	0	0	0.0	0.0
mmelmel	Vertebrates	500	2	0	0	0.0	0.0
mmelmel	Vertebrates	500	3	0	2	0.0	0.4
mmelmel	Vertebrates	500	4	30	23	6.0	4.6
mmelmel	Vertebrates	500	5	285	146	57.0	29.2
morcroc	Invertebrate	500	0	0	0	0.0	0.0
morcroc	Invertebrate	500	1	0	0	0.0	0.0
morcroc	Invertebrate	500	2	0	0	0.0	0.0
morcroc	Invertebrate	500	3	0	2	0.0	0.4
morcroc	Invertebrate	500	4	27	41	5.4	8.2
morcroc	Invertebrate	500	5	365	276	73.0	55.2
mcerela	Vertebrates	500	0	0	0	0.0	0.0
mcerela	Vertebrates	500	1	0	0	0.0	0.0
mcerela	Vertebrates	500	2	0	0	0.0	0.0
mcerela	Vertebrates	500	3	4	4	0.8	0.8
mcerela	Vertebrates	500	4	409	116	81.8	23.2
mcerela	Vertebrates	500	5	500	447	100.0	89.4
mrhisin	Vertebrates	457	0	0	0	0.0	0.0
mrhisin	Vertebrates	457	1	0	0	0.0	0.0
mrhisin	Vertebrates	457	2	1	0	0.2188183807439825	0.0
mrhisin	Vertebrates	457	3	90	17	19.693654266958426	3.719912472647702
mrhisin	Vertebrates	457	4	275	156	60.17505470459518	34.13566739606127
mrhisin	Vertebrates	457	5	378	432	82.71334792122538	94.52954048140043
laaliplan	Viridiplantae	423	0	0	0	0.0	0.0
laaliplan	Viridiplantae	423	1	0	0	0.0	0.0
laaliplan	Viridiplantae	423	2	0	0	0.0	0.0
laaliplan	Viridiplantae	423	3	0	6	0.0	1.4184397163120568
laaliplan	Viridiplantae	423	4	8	51	1.8912529550827424	12.056737588652481
laaliplan	Viridiplantae	423	5	282	274	66.66666666666667	64.77541371158392
laapodist	Viridiplantae	500	0	0	0	0.0	0.0
laapodist	Viridiplantae	500	1	0	0	0.0	0.0
laapodist	Viridiplantae	500	2	0	0	0.0	0.0
laapodist	Viridiplantae	500	3	0	1	0.0	0.2
laapodist	Viridiplantae	500	4	4	27	0.8	5.4
laapodist	Viridiplantae	500	5	400	208	80.0	41.6
lapotnata	Viridiplantae	500	0	0	0	0.0	0.0
lapotnata	Viridiplantae	500	1	0	0	0.0	0.0
lapotnata	Viridiplantae	500	2	0	0	0.0	0.0
lapotnata	Viridiplantae	500	3	19	0	3.8	0.0
lapotnata	Viridiplantae	500	4	206	28	41.2	5.6
lapotnata	Viridiplantae	500	5	470	165	94.0	33.0
latrimari	Viridiplantae	360	0	0	0	0.0	0.0
latrimari	Viridiplantae	360	1	0	0	0.0	0.0
latrimari	Viridiplantae	360	2	0	0	0.0	0.0
latrimari	Viridiplantae	360	3	3	5	0.8333333333333334	1.3888888888888888
latrimari	Viridiplantae	360	4	29	41	8.055555555555555	11.38888888888889
latrimari	Viridiplantae	360	5	119	202	33.05555555555556	56.111111111111114
lsirifoet	Viridiplantae	500	0	0	0	0.0	0.0
lsirifoet	Viridiplantae	500	1	0	0	0.0	0.0
lsirifoet	Viridiplantae	500	2	0	0	0.0	0.0
lsirifoet	Viridiplantae	500	3	2	1	0.4	0.2
lsirifoet	Viridiplantae	500	4	17	21	3.4	4.2
lsirifoet	Viridiplantae	500	5	359	194	71.8	38.8
lpdigsang	Viridiplantae	500	0	0	0	0.0	0.0
lpdigsang	Viridiplantae	500	1	0	0	0.0	0.0
lpdigsang	Viridiplantae	500	2	0	0	0.0	0.0
lpdigsang	Viridiplantae	500	3	0	1	0.0	0.2
lpdigsang	Viridiplantae	500	4	11	23	2.2	4.6
lpdigsang	Viridiplantae	500	5	158	178	31.6	35.6
lpleeoryz	Viridiplantae	500	0	0	0	0.0	0.0
lpleeoryz	Viridiplantae	500	1	0	0	0.0	0.0
lpleeoryz	Viridiplantae	500	2	0	0	0.0	0.0
lpleeoryz	Viridiplantae	500	3	0	1	0.0	0.2
lpleeoryz	Viridiplantae	500	4	2	8	0.4	1.6
lpleeoryz	Viridiplantae	500	5	54	107	10.8	21.4
lpphlprat	Viridiplantae	500	0	0	0	0.0	0.0
lpphlprat	Viridiplantae	500	1	0	0	0.0	0.0
lpphlprat	Viridiplantae	500	2	0	0	0.0	0.0
lpphlprat	Viridiplantae	500	3	0	0	0.0	0.0
lpphlprat	Viridiplantae	500	4	0	10	0.0	2.0
lpphlprat	Viridiplantae	500	5	24	73	4.8	14.6
lpjuneffu	Viridiplantae	500	0	0	0	0.0	0.0
lpjuneffu	Viridiplantae	500	1	0	0	0.0	0.0
lpjuneffu	Viridiplantae	500	2	0	0	0.0	0.0
lpjuneffu	Viridiplantae	500	3	1	0	0.2	0.0
lpjuneffu	Viridiplantae	500	4	24	14	4.8	2.8
lpjuneffu	Viridiplantae	500	5	192	89	38.4	17.8
lpjunbufo	Viridiplantae	500	0	0	0	0.0	0.0
lpjunbufo	Viridiplantae	500	1	0	0	0.0	0.0
lpjunbufo	Viridiplantae	500	2	0	0	0.0	0.0
lpjunbufo	Viridiplantae	500	3	0	0	0.0	0.0
lpjunbufo	Viridiplantae	500	4	14	10	2.8	2.0
lpjunbufo	Viridiplantae	500	5	206	86	41.2	17.2
lpjunsqua	Viridiplantae	500	0	0	0	0.0	0.0
lpjunsqua	Viridiplantae	500	1	0	0	0.0	0.0
lpjunsqua	Viridiplantae	500	2	0	0	0.0	0.0
lpjunsqua	Viridiplantae	500	3	11	2	2.2	0.4
lpjunsqua	Viridiplantae	500	4	204	24	40.8	4.8
lpjunsqua	Viridiplantae	500	5	315	173	63.0	34.6
lpelequin	Viridiplantae	500	0	0	0	0.0	0.0
lpelequin	Viridiplantae	500	1	0	0	0.0	0.0
lpelequin	Viridiplantae	500	2	0	0	0.0	0.0
lpelequin	Viridiplantae	500	3	0	1	0.0	0.2
lpelequin	Viridiplantae	500	4	10	11	2.0	2.2
lpelequin	Viridiplantae	500	5	85	63	17.0	12.6
lpcypfusc	Viridiplantae	500	0	0	0	0.0	0.0
lpcypfusc	Viridiplantae	500	1	0	0	0.0	0.0
lpcypfusc	Viridiplantae	500	2	0	0	0.0	0.0
lpcypfusc	Viridiplantae	500	3	0	2	0.0	0.4
lpcypfusc	Viridiplantae	500	4	32	29	6.4	5.8
lpcypfusc	Viridiplantae	500	5	343	202	68.6	40.4
lpschlacu	Viridiplantae	500	0	0	0	0.0	0.0
lpschlacu	Viridiplantae	500	1	0	0	0.0	0.0
lpschlacu	Viridiplantae	500	2	0	0	0.0	0.0
lpschlacu	Viridiplantae	500	3	0	0	0.0	0.0
lpschlacu	Viridiplantae	500	4	9	8	1.8	1.6
lpschlacu	Viridiplantae	500	5	112	69	22.4	13.8
lpschltriq	Invertebrate	500	0	0	0	0.0	0.0
lpschltriq	Invertebrate	500	1	0	0	0.0	0.0
lpschltriq	Invertebrate	500	2	0	0	0.0	0.0
lpschltriq	Invertebrate	500	3	0	1	0.0	0.2
lpschltriq	Invertebrate	500	4	8	10	1.6	2.0
lpschltriq	Invertebrate	500	5	91	55	18.2	11.0
lpschltabe	Invertebrate	500	0	0	0	0.0	0.0
lpschltabe	Invertebrate	500	1	0	0	0.0	0.0
lpschltabe	Invertebrate	500	2	0	0	0.0	0.0
lpschltabe	Invertebrate	500	3	0	1	0.0	0.2
lpschltabe	Invertebrate	500	4	8	10	1.6	2.0
lpschltabe	Invertebrate	500	5	123	65	24.6	13.0
lpcardepa	Viridiplantae	500	0	0	0	0.0	0.0
lpcardepa	Viridiplantae	500	1	0	0	0.0	0.0
lpcardepa	Viridiplantae	500	2	0	0	0.0	0.0
lpcardepa	Viridiplantae	500	3	0	1	0.0	0.2
lpcardepa	Viridiplantae	500	4	2	8	0.4	1.6
lpcardepa	Viridiplantae	500	5	32	76	6.4	15.2
lperiangu	Viridiplantae	488	0	0	0	0.0	0.0
lperiangu	Viridiplantae	488	1	0	0	0.0	0.0
lperiangu	Viridiplantae	488	2	0	0	0.0	0.0
lperiangu	Viridiplantae	488	3	0	0	0.0	0.0
lperiangu	Viridiplantae	488	4	0	3	0.0	0.6147540983606558
lperiangu	Viridiplantae	488	5	1	23	0.20491803278688525	4.713114754098361
lpscisylv	Viridiplantae	488	0	0	0	0.0	0.0
lpscisylv	Viridiplantae	488	1	0	0	0.0	0.0
lpscisylv	Viridiplantae	488	2	0	0	0.0	0.0
lpscisylv	Viridiplantae	488	3	0	0	0.0	0.0
lpscisylv	Viridiplantae	488	4	0	0	0.0	0.0
lpscisylv	Viridiplantae	488	5	2	14	0.4098360655737705	2.8688524590163933
lpluzpall	Viridiplantae	500	0	0	0	0.0	0.0
lpluzpall	Viridiplantae	500	1	0	0	0.0	0.0
lpluzpall	Viridiplantae	500	2	0	0	0.0	0.0
lpluzpall	Viridiplantae	500	3	0	0	0.0	0.0
lpluzpall	Viridiplantae	500	4	0	9	0.0	1.8
lpluzpall	Viridiplantae	500	5	18	90	3.6	18.0
lpluzsylv	Viridiplantae	500	0	0	0	0.0	0.0
lpluzsylv	Viridiplantae	500	1	0	0	0.0	0.0
lpluzsylv	Viridiplantae	500	2	0	0	0.0	0.0
lpluzsylv	Viridiplantae	500	3	0	1	0.0	0.2
lpluzsylv	Viridiplantae	500	4	7	5	1.4	1.0
lpluzsylv	Viridiplantae	500	5	248	66	49.6	13.2
dmthaminu	Viridiplantae	500	0	0	0	0.0	0.0
dmthaminu	Viridiplantae	500	1	0	0	0.0	0.0
dmthaminu	Viridiplantae	500	2	0	0	0.0	0.0
dmthaminu	Viridiplantae	500	3	0	1	0.0	0.2
dmthaminu	Viridiplantae	500	4	1	14	0.2	2.8
dmthaminu	Viridiplantae	500	5	406	137	81.2	27.4
dmaquvulg	Viridiplantae	500	0	0	0	0.0	0.0
dmaquvulg	Viridiplantae	500	1	0	0	0.0	0.0
dmaquvulg	Viridiplantae	500	2	0	0	0.0	0.0
dmaquvulg	Viridiplantae	500	3	0	4	0.0	0.8
dmaquvulg	Viridiplantae	500	4	34	46	6.8	9.2
dmaquvulg	Viridiplantae	500	5	278	278	55.6	55.6
dmbervulg	Viridiplantae	500	0	0	0	0.0	0.0
dmbervulg	Viridiplantae	500	1	0	0	0.0	0.0
dmbervulg	Viridiplantae	500	2	0	0	0.0	0.0
dmbervulg	Viridiplantae	500	3	1	3	0.2	0.6
dmbervulg	Viridiplantae	500	4	124	25	24.8	5.0
dmbervulg	Viridiplantae	500	5	377	168	75.4	33.6
dcpolavic	Viridiplantae	500	0	0	0	0.0	0.0
dcpolavic	Viridiplantae	500	1	0	0	0.0	0.0
dcpolavic	Viridiplantae	500	2	0	0	0.0	0.0
dcpolavic	Viridiplantae	500	3	0	0	0.0	0.0
dcpolavic	Viridiplantae	500	4	10	16	2.0	3.2
dcpolavic	Viridiplantae	500	5	217	125	43.4	25.0
dcspemari	Viridiplantae	500	0	0	0	0.0	0.0
dcspemari	Viridiplantae	500	1	0	0	0.0	0.0
dcspemari	Viridiplantae	500	2	0	0	0.0	0.0
dcspemari	Viridiplantae	500	3	0	1	0.0	0.2
dcspemari	Viridiplantae	500	4	0	8	0.0	1.6
dcspemari	Viridiplantae	500	5	49	109	9.8	21.8
dcmoetrin	Viridiplantae	500	0	0	0	0.0	0.0
dcmoetrin	Viridiplantae	500	1	0	0	0.0	0.0
dcmoetrin	Viridiplantae	500	2	0	0	0.0	0.0
dcmoetrin	Viridiplantae	500	3	0	0	0.0	0.0
dcmoetrin	Viridiplantae	500	4	0	4	0.0	0.8
dcmoetrin	Viridiplantae	500	5	40	75	8.0	15.0
dcareserp	Viridiplantae	500	0	0	0	0.0	0.0
dcareserp	Viridiplantae	500	1	0	0	0.0	0.0
dcareserp	Viridiplantae	500	2	0	0	0.0	0.0
dcareserp	Viridiplantae	500	3	0	2	0.0	0.4
dcareserp	Viridiplantae	500	4	2	15	0.4	3.0
dcareserp	Viridiplantae	500	5	35	140	7.0	28.0
dcpoltetr	Viridiplantae	500	0	0	0	0.0	0.0
dcpoltetr	Viridiplantae	500	1	0	0	0.0	0.0
dcpoltetr	Viridiplantae	500	2	0	0	0.0	0.0
dcpoltetr	Viridiplantae	500	3	0	0	0.0	0.0
dcpoltetr	Viridiplantae	500	4	22	17	4.4	3.4
dcpoltetr	Viridiplantae	500	5	304	176	60.8	35.2
dcastglyc	Invertebrate	500	0	0	0	0.0	0.0
dcastglyc	Invertebrate	500	1	0	0	0.0	0.0
dcastglyc	Invertebrate	500	2	0	0	0.0	0.0
dcastglyc	Invertebrate	500	3	0	3	0.0	0.6
dcastglyc	Invertebrate	500	4	25	15	5.0	3.0
dcastglyc	Invertebrate	500	5	286	135	57.2	27.0
drmedarab	Viridiplantae	500	0	0	0	0.0	0.0
drmedarab	Viridiplantae	500	1	0	0	0.0	0.0
drmedarab	Viridiplantae	500	2	0	0	0.0	0.0
drmedarab	Viridiplantae	500	3	1	0	0.2	0.0
drmedarab	Viridiplantae	500	4	21	11	4.2	2.2
drmedarab	Viridiplantae	500	5	378	108	75.6	21.6
drtrifrag	Viridiplantae	500	0	0	0	0.0	0.0
drtrifrag	Viridiplantae	500	1	0	0	0.0	0.0
drtrifrag	Viridiplantae	500	2	0	0	0.0	0.0
drtrifrag	Viridiplantae	500	3	0	3	0.0	0.6
drtrifrag	Viridiplantae	500	4	6	26	1.2	5.2
drtrifrag	Viridiplantae	500	5	185	180	37.0	36.0
dhquebobu	Invertebrate	500	0	0	0	0.0	0.0
dhquebobu	Invertebrate	500	1	0	0	0.0	0.0
dhquebobu	Invertebrate	500	2	0	0	0.0	0.0
dhquebobu	Invertebrate	500	3	1	1	0.2	0.2
dhquebobu	Invertebrate	500	4	21	10	4.2	2.0
dhquebobu	Invertebrate	500	5	343	95	68.6	19.0
dhcorcolu	Viridiplantae	500	0	0	0	0.0	0.0
dhcorcolu	Viridiplantae	500	1	0	0	0.0	0.0
dhcorcolu	Viridiplantae	500	2	0	0	0.0	0.0
dhcorcolu	Viridiplantae	500	3	0	5	0.0	1.0
dhcorcolu	Viridiplantae	500	4	14	44	2.8	8.8
dhcorcolu	Viridiplantae	500	5	309	286	61.8	57.2
drparjuda	Viridiplantae	500	0	0	0	0.0	0.0
drparjuda	Viridiplantae	500	1	0	0	0.0	0.0
drparjuda	Viridiplantae	500	2	0	0	0.0	0.0
drparjuda	Viridiplantae	500	3	1	1	0.2	0.2
drparjuda	Viridiplantae	500	4	115	24	23.0	4.8
drparjuda	Viridiplantae	500	5	488	178	97.6	35.6
drpotanse	Viridiplantae	500	0	0	0	0.0	0.0
drpotanse	Viridiplantae	500	1	0	0	0.0	0.0
drpotanse	Viridiplantae	500	2	0	0	0.0	0.0
drpotanse	Viridiplantae	500	3	0	1	0.0	0.2
drpotanse	Viridiplantae	500	4	4	5	0.8	1.0
drpotanse	Viridiplantae	500	5	356	93	71.2	18.6
drroscani	Invertebrate	500	0	0	0	0.0	0.0
drroscani	Invertebrate	500	1	0	0	0.0	0.0
drroscani	Invertebrate	500	2	0	0	0.0	0.0
drroscani	Invertebrate	500	3	0	1	0.0	0.2
drroscani	Invertebrate	500	4	1	13	0.2	2.6
drroscani	Invertebrate	500	5	128	103	25.6	20.6
drgeuriva	Viridiplantae	500	0	0	0	0.0	0.0
drgeuriva	Viridiplantae	500	1	0	0	0.0	0.0
drgeuriva	Viridiplantae	500	2	0	0	0.0	0.0
drgeuriva	Viridiplantae	500	3	0	0	0.0	0.0
drgeuriva	Viridiplantae	500	4	0	16	0.0	3.2
drgeuriva	Viridiplantae	500	5	48	135	9.6	27.0
drchaangu	Viridiplantae	498	0	0	0	0.0	0.0
drchaangu	Viridiplantae	498	1	0	0	0.0	0.0
drchaangu	Viridiplantae	498	2	0	0	0.0	0.0
drchaangu	Viridiplantae	498	3	0	3	0.0	0.6024096385542169
drchaangu	Viridiplantae	498	4	27	20	5.421686746987952	4.016064257028113
drchaangu	Viridiplantae	498	5	206	144	41.36546184738956	28.91566265060241
ddbarvulg	Viridiplantae	500	0	0	0	0.0	0.0
ddbarvulg	Viridiplantae	500	1	0	0	0.0	0.0
ddbarvulg	Viridiplantae	500	2	0	0	0.0	0.0
ddbarvulg	Viridiplantae	500	3	0	3	0.0	0.6
ddbarvulg	Viridiplantae	500	4	15	37	3.0	7.4
ddbarvulg	Viridiplantae	500	5	312	294	62.4	58.8
ddarathal	Viridiplantae	500	0	0	0	0.0	0.0
ddarathal	Viridiplantae	500	1	0	0	0.0	0.0
ddarathal	Viridiplantae	500	2	0	0	0.0	0.0
ddarathal	Viridiplantae	500	3	0	1	0.0	0.2
ddarathal	Viridiplantae	500	4	2	19	0.4	3.8
ddarathal	Viridiplantae	500	5	36	166	7.2	33.2
ddpopnigr	Viridiplantae	500	0	0	0	0.0	0.0
ddpopnigr	Viridiplantae	500	1	0	0	0.0	0.0
ddpopnigr	Viridiplantae	500	2	0	0	0.0	0.0
ddpopnigr	Viridiplantae	500	3	2	4	0.4	0.8
ddpopnigr	Viridiplantae	500	4	53	26	10.6	5.2
ddpopnigr	Viridiplantae	500	5	270	136	54.0	27.2
ddeuppepu	Viridiplantae	500	0	0	0	0.0	0.0
ddeuppepu	Viridiplantae	500	1	0	0	0.0	0.0
ddeuppepu	Viridiplantae	500	2	0	0	0.0	0.0
ddeuppepu	Viridiplantae	500	3	0	3	0.0	0.6
ddeuppepu	Viridiplantae	500	4	14	26	2.8	5.2
ddeuppepu	Viridiplantae	500	5	341	147	68.2	29.4
ddmerannu	Viridiplantae	500	0	0	0	0.0	0.0
ddmerannu	Viridiplantae	500	1	0	0	0.0	0.0
ddmerannu	Viridiplantae	500	2	0	0	0.0	0.0
ddmerannu	Viridiplantae	500	3	1	0	0.2	0.0
ddmerannu	Viridiplantae	500	4	5	17	1.0	3.4
ddmerannu	Viridiplantae	500	5	87	98	17.4	19.6
drhedheli	Viridiplantae	500	0	0	0	0.0	0.0
drhedheli	Viridiplantae	500	1	0	0	0.0	0.0
drhedheli	Viridiplantae	500	2	0	0	0.0	0.0
drhedheli	Viridiplantae	500	3	0	0	0.0	0.0
drhedheli	Viridiplantae	500	4	8	19	1.6	3.8
drhedheli	Viridiplantae	500	5	109	126	21.8	25.2
ddhotpalu	Viridiplantae	500	0	0	0	0.0	0.0
ddhotpalu	Viridiplantae	500	1	0	0	0.0	0.0
ddhotpalu	Viridiplantae	500	2	0	0	0.0	0.0
ddhotpalu	Viridiplantae	500	3	0	0	0.0	0.0
ddhotpalu	Viridiplantae	500	4	2	22	0.4	4.4
ddhotpalu	Viridiplantae	500	5	68	180	13.6	36.0
datanvulg	Viridiplantae	500	0	0	0	0.0	0.0
datanvulg	Viridiplantae	500	1	0	0	0.0	0.0
datanvulg	Viridiplantae	500	2	0	0	0.0	0.0
datanvulg	Viridiplantae	500	3	0	2	0.0	0.4
datanvulg	Viridiplantae	500	4	0	17	0.0	3.4
datanvulg	Viridiplantae	500	5	37	109	7.4	21.8
daarcminu	Viridiplantae	500	0	0	0	0.0	0.0
daarcminu	Viridiplantae	500	1	0	0	0.0	0.0
daarcminu	Viridiplantae	500	2	0	0	0.0	0.0
daarcminu	Viridiplantae	500	3	5	2	1.0	0.4
daarcminu	Viridiplantae	500	4	21	15	4.2	3.0
daarcminu	Viridiplantae	500	5	306	151	61.2	30.2
dalyceuro	Viridiplantae	500	0	0	0	0.0	0.0
dalyceuro	Viridiplantae	500	1	0	0	0.0	0.0
dalyceuro	Viridiplantae	500	2	0	0	0.0	0.0
dalyceuro	Viridiplantae	500	3	2	7	0.4	1.4
dalyceuro	Viridiplantae	500	4	52	65	10.4	13.0
dalyceuro	Viridiplantae	500	5	201	314	40.2	62.8
dascugale	Viridiplantae	500	0	0	0	0.0	0.0
dascugale	Viridiplantae	500	1	0	0	0.0	0.0
dascugale	Viridiplantae	500	2	0	0	0.0	0.0
dascugale	Viridiplantae	500	3	3	0	0.6	0.0
dascugale	Viridiplantae	500	4	6	7	1.2	1.4
dascugale	Viridiplantae	500	5	53	75	10.6	15.0
dabalnigr	Viridiplantae	500	0	0	0	0.0	0.0
dabalnigr	Viridiplantae	500	1	0	0	0.0	0.0
dabalnigr	Viridiplantae	500	2	0	0	0.0	0.0
dabalnigr	Viridiplantae	500	3	0	0	0.0	0.0
dabalnigr	Viridiplantae	500	4	3	1	0.6	0.2
dabalnigr	Viridiplantae	500	5	25	28	5.0	5.6
damisoron	Viridiplantae	500	0	0	0	0.0	0.0
damisoron	Viridiplantae	500	1	0	0	0.0	0.0
damisoron	Viridiplantae	500	2	0	0	0.0	0.0
damisoron	Viridiplantae	500	3	0	0	0.0	0.0
damisoron	Viridiplantae	500	4	7	9	1.4	1.8
damisoron	Viridiplantae	500	5	291	92	58.2	18.4
dalinvulg	Viridiplantae	500	0	0	0	0.0	0.0
dalinvulg	Viridiplantae	500	1	0	0	0.0	0.0
dalinvulg	Viridiplantae	500	2	0	0	0.0	0.0
dalinvulg	Viridiplantae	500	3	0	1	0.0	0.2
dalinvulg	Viridiplantae	500	4	2	28	0.4	5.6
dalinvulg	Viridiplantae	500	5	413	194	82.6	38.8
dashearve	Viridiplantae	495	0	0	0	0.0	0.0
dashearve	Viridiplantae	495	1	0	0	0.0	0.0
dashearve	Viridiplantae	495	2	0	0	0.0	0.0
dashearve	Viridiplantae	495	3	0	0	0.0	0.0
dashearve	Viridiplantae	495	4	0	1	0.0	0.20202020202020202
dashearve	Viridiplantae	495	5	2	17	0.40404040404040403	3.4343434343434343
human	Human	500	0	134	0	26.8	0.0
human	Human	500	1	196	0	39.2	0.0
human	Human	500	2	219	0	43.8	0.0
human	Human	500	3	232	1	46.4	0.2
human	Human	500	4	248	22	49.6	4.4
human	Human	500	5	375	151	75.0	30.2
