species	name	clade	vgroup	best_obs	best_null	excess	n
alpha-satellite (positive)	alpha-satellite (positive)	Human+		78.2	61.0	17.1	1500
dascugale	Scutellaria galericulata	Viridiplantae		74.0	58.2	15.8	1500
icnebsali	Nebria salina	Invertebrate		69.0	57.0	12.0	1498
ftratra	Trachurus trachurus	Vertebrates	Fish	76.1	64.7	11.4	1494
icpolcerv	Polydrusus cervinus	Invertebrate		74.8	64.3	10.5	1500
icnebbrev	Nebria brevicollis	Invertebrate		67.6	57.6	10.0	1499
iystephae	Stelis phaeoptera	Invertebrate		69.8	60.6	9.2	1500
idgymrotn	Gymnosoma rotundatum	Invertebrate		68.2	59.8	8.3	1500
lapotnata	Potamogeton natans	Viridiplantae		70.2	62.5	7.7	1500
idacrorbc	Acrocera orbiculus	Invertebrate		70.1	62.7	7.4	1500
ieprobifi	Procloeon bifidum	Invertebrate		70.6	63.4	7.2	1500
icharaxyr	Harmonia axyridis	Invertebrate		69.1	62.3	6.8	1500
iyvulbima	Vulgichneumon bimaculatus	Invertebrate		67.5	61.3	6.2	1500
iyanddors	Andrena dorsata	Invertebrate		69.8	64.7	5.1	1499
idmacatri	Machimus atricapillus	Invertebrate		63.7	58.7	5.0	1500
iymimdahl	Mimumesa dahlbomi	Invertebrate		69.8	64.9	4.9	1495
tzbugstol	Bugulina stolonifera	Invertebrate		64.8	60.2	4.7	1499
lpluzsylv	Luzula sylvatica	Viridiplantae		63.9	59.5	4.4	1500
wpalivire	Alitta virens	Invertebrate		64.3	60.3	4.0	1500
kaaplturb	Aplidium turbinatum	Invertebrate		64.5	60.6	3.9	1500
icagrcyan	Agrilus cyanescens	Invertebrate		63.5	59.7	3.8	1500
drmedarab	Medicago arabica	Viridiplantae		63.8	59.9	3.8	1500
drhedheli	Hedera helix	Viridiplantae		63.3	59.8	3.5	1500
iyabicand	Abia candens	Invertebrate		64.9	61.4	3.5	1500
lpjuneffu	Juncus effusus	Viridiplantae		63.3	59.8	3.5	1500
lpjunbufo	Juncus bufonius	Viridiplantae		64.3	60.8	3.5	1500
drparjuda	Parietaria judaica	Viridiplantae		67.3	64.0	3.3	1500
iytipfemo	Tiphia femorata	Invertebrate		63.1	60.3	2.8	1500
iccarprob	Carabus problematicus	Invertebrate		63.1	60.4	2.8	1500
melemax	Elephas maximus	Vertebrates	Mammalia	69.8	67.2	2.6	1499
fthualb	Thunnus albacares	Vertebrates	Fish	61.8	59.3	2.6	1500
dcspemari	Spergularia marina	Viridiplantae		62.0	59.5	2.5	1500
lpscisylv	Scirpus sylvaticus	Viridiplantae		51.7	49.2	2.5	1500
lperiangu	Eriophorum angustifolium	Viridiplantae		51.3	48.7	2.5	1500
baccgen	Accipiter gentilis	Vertebrates	Aves	64.5	62.1	2.4	1500
iesipalte	Siphlonurus alternatus	Invertebrate		65.4	63.1	2.3	1500
idepisucc	Epicampocera succincta	Invertebrate		64.8	62.5	2.3	1500
iypripert	Priocnemis perturbator	Invertebrate		62.5	60.2	2.3	1500
bfalbia	Falco biarmicus	Vertebrates	Aves	64.0	61.8	2.2	1500
lpcypfusc	Cyperus fuscus	Viridiplantae		64.2	62.1	2.1	1500
mmelmel	Meles meles	Vertebrates	Mammalia	61.6	59.5	2.1	1500
icsilatra	Phosphuga atrata	Invertebrate		61.7	59.6	2.0	1500
dalinvulg	Linaria vulgaris	Viridiplantae		64.5	62.6	1.9	1500
wplepclav	Lepidonotus clava	Invertebrate		63.9	62.2	1.7	1495
icscaquad	Scaphidium quadrimaculatum	Invertebrate		56.7	55.1	1.6	1500
inchrcarn	Chrysoperla carnea	Invertebrate		61.0	59.5	1.4	1499
iylasvill	Lasioglossum villosulum	Invertebrate		57.9	56.5	1.4	1500
lpjunsqua	Juncus squarrosus	Viridiplantae		64.6	63.4	1.2	1500
bfalche	Falco cherrug	Vertebrates	Aves	62.5	61.4	1.1	1500
fthumac	Thunnus maccoyii	Vertebrates	Fish	59.1	58.0	1.1	1499
idhydcyrt	Hydrotaea cyrtoneurina	Invertebrate		59.0	58.0	1.0	1500
lpcardepa	Carex depauperata	Viridiplantae		56.9	55.9	1.0	1500
iccocsept	Coccinella septempunctata	Invertebrate		60.9	60.0	0.9	1500
ocsyccili	Sycon ciliatum	Invertebrate		65.3	64.4	0.8	1500
dcmoetrin	Moehringia trinervia	Viridiplantae		59.1	58.3	0.7	1500
drpotanse	Potentilla anserina	Viridiplantae		59.5	58.7	0.7	1499
dabalnigr	Ballota nigra	Viridiplantae		56.8	56.2	0.6	1500
ipnemdubi	Nemoura dubitans	Invertebrate		66.8	66.2	0.5	1500
mcanlor	Canis lupus	Vertebrates	Mammalia	64.9	64.5	0.5	1500
iccetaura	Cetonia aurata	Invertebrate		61.8	61.4	0.4	1499
lsirifoet	Iris foetidissima	Viridiplantae		63.2	62.9	0.3	1500
lpelequin	Eleocharis quinqueflora	Viridiplantae		56.2	55.9	0.3	1500
ipisogram	Isoperla grammatica	Invertebrate		60.2	60.0	0.2	1500
tzmemmemb	Membranipora membranacea	Invertebrate		64.8	64.6	0.2	1500
blagmut	Lagopus muta	Vertebrates	Aves	64.3	64.1	0.2	943
idproazur	Protocalliphora azurea	Invertebrate		58.2	57.9	0.2	1500
iyathrosa	Athalia rosae	Invertebrate		56.3	56.3	0.0	1500
iynomfabr	Nomada fabriciana	Invertebrate		58.8	58.8	0.0	1500
fdanrer	Danio rerio	Vertebrates	Fish	60.0	60.0	0.0	1499
idpolamen	Pollenia amentaria	Invertebrate		59.6	59.7	-0.2	1500
icagofuli	Agonum fuliginosum	Invertebrate		63.7	63.9	-0.2	1500
lpleeoryz	Leersia oryzoides	Viridiplantae		56.3	56.5	-0.2	1500
icptemadi	Pterostichus madidus	Invertebrate		59.0	59.2	-0.3	1500
iupsogibb	Psococerastis gibbosa	Invertebrate		59.2	59.5	-0.3	1500
iilimluna	Limnephilus lunatus	Invertebrate		61.9	62.2	-0.4	1500
dcpoltetr	Polycarpon tetraphyllum	Viridiplantae		62.0	62.5	-0.4	1500
icquelate	Quedius lateralis	Invertebrate		62.0	62.5	-0.5	1500
mcerela	Cervus elaphus	Vertebrates	Mammalia	65.7	66.3	-0.6	1500
icnicinve	Nicrophorus investigator	Invertebrate		59.9	60.5	-0.6	1500
iilimauri	Limnephilus auricula	Invertebrate		59.9	60.6	-0.6	1500
iyseltumu	Seladonia tumulorum	Invertebrate		54.9	55.5	-0.7	1500
iymaceuro	Macropis europaea	Invertebrate		59.4	60.0	-0.7	1498
ddarathal	Arabidopsis thaliana	Viridiplantae		59.3	60.2	-0.9	1500
ddpopnigr	Populus nigra	Viridiplantae		60.7	61.6	-0.9	1500
ddbarvulg	Barbarea vulgaris	Viridiplantae		61.3	62.2	-0.9	1500
lpphlprat	Phleum pratense	Viridiplantae		55.7	56.6	-0.9	1500
iyvesvulg	Vespula vulgaris	Invertebrate		62.3	63.2	-0.9	1236
drchaangu	Chamaenerion angustifolium	Viridiplantae		58.5	59.4	-0.9	1500
ichalsede	Halyzia sedecimguttata	Invertebrate		57.6	58.6	-1.0	1499
ieclodipt	Cloeon dipterum	Invertebrate		56.6	57.6	-1.0	1500
bcorhaw	Corvus hawaiiensis	Vertebrates	Aves	65.0	66.0	-1.0	1472
iyanonige	Anoplius nigerrimus	Invertebrate		63.5	64.7	-1.1	1500
HSat1/2/3 (negative)	HSat1/2/3 (negative)	Human-		62.8	63.9	-1.1	1500
laaliplan	Alisma plantago-aquatica	Viridiplantae		62.1	63.2	-1.1	1499
ftaubub	Taurulus bubalis	Vertebrates	Fish	58.9	60.1	-1.1	1500
iuloevari	Loensia variegata	Invertebrate		65.0	66.1	-1.1	1500
ibectpall	Ectobius pallidus	Invertebrate		60.7	61.8	-1.1	1500
ihicepurc	Icerya purchasi	Invertebrate		63.3	64.5	-1.2	1500
rviplat	Vipera latastei	Vertebrates	Reptilia	59.6	60.8	-1.2	1500
icapocory	Apoderus coryli	Invertebrate		58.8	59.9	-1.2	1496
idclutigr	Clusia tigrina	Invertebrate		59.0	60.2	-1.2	1500
iilimrhom	Limnephilus rhombicus	Invertebrate		60.7	61.8	-1.2	1500
ddmerannu	Mercurialis annua	Viridiplantae		56.5	57.7	-1.2	1500
daarcminu	Arctium minus	Viridiplantae		58.1	59.3	-1.2	1500
qeallfusc	Allacma fusca	Invertebrate		60.3	61.6	-1.3	1500
ddhotpalu	Hottonia palustris	Viridiplantae		60.4	61.6	-1.3	1500
iilimmarm	Limnephilus marmoratus	Invertebrate		60.7	61.9	-1.3	1500
dashearve	Sherardia arvensis	Viridiplantae		48.8	50.2	-1.4	1500
iybomhypn	Bombus hypnorum	Invertebrate		49.4	50.8	-1.4	1500
ioisceleg	Ischnura elegans	Invertebrate		59.9	61.4	-1.5	1500
iyectcont	Ectemnius continuus	Invertebrate		58.8	60.4	-1.6	1500
ihaelacum	Aelia acuminata	Invertebrate		58.8	60.4	-1.6	1500
dhcorcolu	Corylus colurna	Viridiplantae		64.2	65.9	-1.7	1500
dmthaminu	Thalictrum minus	Viridiplantae		57.9	59.6	-1.7	1500
ilpienapi	Pieris napi	Invertebrate		63.4	65.1	-1.7	1500
drgeuriva	Geum rivale	Viridiplantae		57.8	59.5	-1.7	1500
bfalper	Falco peregrinus	Vertebrates	Aves	59.6	61.4	-1.8	1500
icadabipu	Adalia bipunctata	Invertebrate		59.2	61.0	-1.8	1499
iymacalbo	Macrophya alboannulata	Invertebrate		58.8	60.6	-1.8	1500
lpschlacu	Schoenoplectus lacustris	Viridiplantae		56.5	58.4	-1.9	1500
xblimfort	Limnoperna fortunei	Invertebrate		47.3	49.1	-1.9	1500
bgalgal	Gallus gallus	Vertebrates	Aves	54.1	56.0	-1.9	1499
xggibmagu	Gibbula magus	Invertebrate		59.0	61.0	-1.9	1500
mdicbic	Diceros bicornis	Vertebrates	Mammalia	59.0	61.0	-2.0	1500
ddeuppepu	Euphorbia peplus	Viridiplantae		60.5	62.5	-2.0	1500
idbelpand	Bellardia pandia	Invertebrate		53.3	55.5	-2.2	1500
dcareserp	Arenaria serpyllifolia	Viridiplantae		58.3	60.4	-2.2	1500
jadialine	Diadumene lineata	Invertebrate		58.2	60.4	-2.2	1496
idbomdisc	Bombylius discolor	Invertebrate		59.2	61.5	-2.3	1500
icrhafulv	Rhagonycha fulva	Invertebrate		53.8	56.1	-2.3	1500
fphogun	Pholis gunnellus	Vertebrates	Fish	59.1	61.5	-2.4	1497
iglabmino	Labia minor	Invertebrate		56.4	58.9	-2.5	1500
fbarbab	Barbus barbus	Vertebrates	Fish	58.9	61.4	-2.5	1500
laapodist	Aponogeton distachyos	Viridiplantae		59.0	61.6	-2.6	1500
icocyolen	Ocypus olens	Invertebrate		59.1	62.0	-2.9	1500
icmalbipu	Malachius bipustulatus	Invertebrate		56.9	59.7	-2.9	1500
iyapainim	Apaeleticus inimicus	Invertebrate		61.6	64.6	-3.0	1500
tnlinlong	Lineus longissimus	Invertebrate		57.0	60.1	-3.1	1499
dmbervulg	Berberis vulgaris	Viridiplantae		59.1	62.4	-3.2	1500
iccanrust	Cantharis rustica	Invertebrate		59.2	62.4	-3.2	1498
drtrifrag	Trifolium fragiferum	Viridiplantae		59.5	62.7	-3.2	1499
datanvulg	Tanacetum vulgare	Viridiplantae		56.0	59.3	-3.3	1500
dmaquvulg	Aquilegia vulgaris	Viridiplantae		61.7	65.2	-3.5	1500
lpdigsang	Digitaria sanguinalis	Viridiplantae		58.4	62.0	-3.6	1500
mlemcat	Lemur catta	Vertebrates	Mammalia	47.6	51.2	-3.6	1500
idbibmarc	Bibio marci	Invertebrate		52.9	56.7	-3.7	1500
eamarglac	Marthasterias glacialis	Invertebrate		61.6	65.3	-3.7	1500
bporhoc	Porphyrio hochstetteri	Vertebrates	Aves	57.8	61.6	-3.8	1500
qelepcurv	Lepidocyrtus curvicollis	Invertebrate		60.9	65.0	-4.1	1483
iyophlute	Ophion luteus	Invertebrate		58.2	62.2	-4.1	1500
ieecdtorr	Ecdyonurus torrentis	Invertebrate		57.3	61.4	-4.1	1500
latrimari	Triglochin maritima	Viridiplantae		55.6	59.9	-4.2	1498
qeorcflav	Orchesella flavescens	Invertebrate		54.6	58.9	-4.3	1500
iycoeconi	Coelioxys conoideus	Invertebrate		49.3	53.7	-4.4	1498
iclepmacu	Rutpela maculata	Invertebrate		58.1	62.4	-4.4	1500
jaricflor	Ricordea florida	Invertebrate		60.0	64.5	-4.5	1500
lpluzpall	Luzula pallescens	Viridiplantae		55.2	59.7	-4.5	1500
damisoron	Misopates orontium	Viridiplantae		54.3	59.0	-4.6	1500
idphymeln	Phyto melanocephala	Invertebrate		55.9	60.7	-4.8	1497
idathibis	Atherix ibis	Invertebrate		57.3	62.2	-4.9	1499
iypemlugu	Pemphredon lugubris	Invertebrate		56.2	61.3	-5.1	1497
idantanth	Anthrax anthrax	Invertebrate		57.5	62.5	-5.1	1500
falosap	Alosa sapidissima	Vertebrates	Fish	55.4	61.1	-5.7	1500
dcpolavic	Polygonum aviculare	Viridiplantae		54.9	61.1	-6.2	1500
