species	clade	taxa1	n_monomers	pct_box_le2mm	pct_box_le3mm	pct_null_le3mm	enrichment_le3mm	box_le2mm_count	ev_canonical	ev_broad	ev_degenerate	ev_pwm_fimo	lines_positive
iyarmarma	Invertebrate		63220	2.33	10.27	0.35	29.64	1470	0	0	0	0	0
mrhisin	Vertebrates	Mammalia	61730	0.68	26.72	4.22	6.33	422	0	497	500	860	3
icpolcerv	Invertebrate	Coleoptera	5752	0.38	44.94	0.85	52.76	22	0	0	0	0	0
ibectpall	Invertebrate	Blattodea	179200	0.14	4.81	0.32	14.87	248	0	0	0	0	0
ipnemdubi	Invertebrate	Plecoptera	4399	0.14	4.66	0.68	6.83	6	0	1	15	0	0
ftratra	Vertebrates	Actinopterygii	6659	0.12	2.52	0.32	8	8	0	3	5	0	0
blagmut	Vertebrates	Aves	946	0.11	0.53	3.49	0.15	1	0	2	2	0	0
iyvesvulg	Invertebrate	Hymenoptera	1241	0.08	2.9	1.85	1.57	1	0	1	17	0	1
mcanlor	Vertebrates	Mammalia	22116	0.07	1.39	1.94	0.72	15	0	1	1	0	0
icsilatra	Invertebrate	Coleoptera	59208	0.05	8.55	0.36	23.77	27	0	0	0	0	0
latrimari	Viridiplantae	Monocots	16121	0.05	3.41	2.83	1.2	8	0	21	39	0	1
lapotnata	Viridiplantae	Monocots	39033	0.02	4.11	0.37	11.23	7	0	0	0	0	0
lsirifoet	Viridiplantae	Monocots	281687	0.02	0.71	0.32	2.22	50	0	0	0	0	0
dcastglyc	Invertebrate		88737	0.02	0.04	0.24	0.18	18	0	0	0	0	0
idproazur	Invertebrate	Diptera	96442	0.01	2.37	0.13	18.27	5	0	0	0	0	0
lpjunsqua	Viridiplantae	Monocots	157934	0.01	1.52	0.38	4	11	0	0	19	0	1
lpjunbufo	Viridiplantae	Monocots	627881	0.01	0.57	0.13	4.41	89	0	0	0	0	0
ddpopnigr	Viridiplantae	Dicots	69080	0.01	0.47	0.32	1.46	4	0	0	0	0	0
ocsyccili	Invertebrate	Porifera	26043	0	1.28	0.81	1.59	0	0	0	0	0	0
icharaxyr	Invertebrate	Coleoptera	69445	0	0.83	0.38	2.2	1	0	0	0	0	0
ihaelacum	Invertebrate	Hemiptera	62647	0	0.8	0.15	5.2	2	0	0	0	0	0
mcerela	Vertebrates	Mammalia	224055	0	0.76	2.21	0.34	0	0	1	3	0	0
melemax	Vertebrates	Mammalia	32556	0	0.61	2.49	0.25	0	0	0	136	0	1
dascugale	Viridiplantae	Dicots	171015	0	0.49	0.08	5.8	0	0	0	0	0	0
dalyceuro	Viridiplantae	Dicots	8664	0	0.48	0.88	0.55	0	0	1	44	0	1
iynyspin	Invertebrate		3919	0	0.46	0.36	1.29	0	0	0	0	0	0
iyvulbima	Invertebrate	Hymenoptera	129810	0	0.43	0.28	1.54	0	0	0	0	0	0
drparjuda	Viridiplantae	Dicots	46759	0	0.42	0.34	1.25	0	0	107	108	0	2
drchaangu	Viridiplantae	Dicots	286512	0	0.33	0.31	1.08	3	0	0	0	0	0
baccgen	Vertebrates	Aves	112507	0	0.27	0.46	0.58	0	0	0	0	0	0
daarcminu	Viridiplantae	Dicots	30248	0	0.25	0.32	0.79	0	0	0	0	0	0
iystephae	Invertebrate	Hymenoptera	635436	0	0.24	0.1	2.37	22	0	1	1	0	0
lpjuneffu	Viridiplantae	Monocots	163943	0	0.24	0.14	1.69	4	0	0	0	0	0
iylasvill	Invertebrate	Hymenoptera	72443	0	0.22	0.76	0.28	2	0	0	1	0	0
dhquebobu	Invertebrate		167213	0	0.21	0.15	1.41	2	0	0	4	0	0
ihicepurc	Invertebrate	Hemiptera	3643	0	0.19	0.47	0.41	0	0	0	2	0	0
icnebsali	Invertebrate	Coleoptera	38388	0	0.19	0.1	1.89	0	0	0	0	0	0
rviplat	Vertebrates	Reptilia	50688	0	0.17	0.34	0.49	0	0	0	2	0	0
iymimdahl	Invertebrate	Hymenoptera	9509	0	0.16	0.87	0.18	0	0	0	0	0	0
dmaquvulg	Viridiplantae	Dicots	51495	0	0.14	0.75	0.18	0	0	0	0	0	0
dmbervulg	Viridiplantae	Dicots	709899	0	0.13	0.35	0.37	0	0	0	0	0	0
mmelmel	Vertebrates	Mammalia	87864	0	0.11	0.32	0.36	0	0	0	0	0	0
qelepcurv	Invertebrate	Arthropoda	2767	0	0.11	2.02	0.05	0	0	0	0	0	0
eamarglac	Invertebrate	Echinodermata	30679	0	0.1	1.22	0.09	0	0	0	1	0	0
iccarprob	Invertebrate	Coleoptera	130427	0	0.09	0.26	0.34	0	0	0	0	0	0
iyapainim	Invertebrate	Hymenoptera	32353	0	0.09	0.76	0.11	0	0	0	14	0	1
bcorhaw	Vertebrates	Aves	16392	0	0.09	3.9	0.02	0	0	0	0	0	0
drmedarab	Viridiplantae	Dicots	56484	0	0.08	0.13	0.64	0	0	0	0	0	0
icnebbrev	Invertebrate	Coleoptera	19128	0	0.07	0.14	0.52	0	0	0	0	0	0
iilimmarm	Invertebrate	Trichoptera	61594	0	0.07	0.28	0.26	0	0	1	2	0	0
ioisceleg	Invertebrate	Odonata	12570	0	0.07	0.33	0.22	0	0	0	69	0	1
lpschltabe	Invertebrate		273802	0	0.06	0.08	0.71	5	0	1	25	0	1
iilimluna	Invertebrate	Trichoptera	41449	0	0.06	0.38	0.15	1	0	0	1	0	0
lpschlacu	Viridiplantae	Monocots	76171	0	0.05	0.09	0.58	2	0	1	14	0	1
idphymeln	Invertebrate	Diptera	26890	0	0.05	0.14	0.38	0	0	0	0	0	0
morcroc	Invertebrate		100639	0	0.05	0.71	0.07	0	0	0	0	0	0
icquelate	Invertebrate	Coleoptera	67879	0	0.05	0.57	0.08	1	0	0	1	0	0
dcpoltetr	Viridiplantae	Dicots	122114	0	0.05	0.27	0.17	0	0	0	0	0	0
iuloevari	Invertebrate	Psocodea	32540	0	0.04	0.46	0.09	0	0	3	4	0	0
lpschltriq	Invertebrate		1097311	0	0.04	0.08	0.54	6	0	0	51	0	1
iyectcont	Invertebrate	Hymenoptera	194265	0	0.04	0.34	0.12	0	0	0	0	0	0
iypemlugu	Invertebrate	Hymenoptera	51086	0	0.04	1.72	0.02	0	0	1	1	0	0
iesipalte	Invertebrate	Ephemeroptera	34097	0	0.03	0.35	0.09	0	0	0	0	0	0
drpotanse	Viridiplantae	Dicots	24677	0	0.03	0.13	0.22	0	0	0	0	0	0
mdicbic	Vertebrates	Mammalia	335103	0	0.03	0.47	0.06	0	0	0	0	0	0
ddeuppepu	Viridiplantae	Dicots	131031	0	0.03	0.33	0.08	0	0	4	38	0	1
dcareserp	Viridiplantae	Dicots	146273	0	0.02	0.22	0.11	0	0	0	0	0	0
tzmemmemb	Invertebrate	Bryozoa	27483	0	0.02	0.72	0.03	0	0	3	4	0	0
xggibmagu	Invertebrate	Mollusca	69876	0	0.02	0.35	0.06	0	0	0	0	0	0
lpcardepa	Viridiplantae	Monocots	204120	0	0.02	0.11	0.19	0	0	0	0	0	0
iymacalbo	Invertebrate	Hymenoptera	23805	0	0.02	0.16	0.13	0	0	0	1	0	0
ddbarvulg	Viridiplantae	Dicots	39724	0	0.02	0.64	0.03	0	0	0	0	0	0
lpdigsang	Viridiplantae	Monocots	104747	0	0.02	0.34	0.06	0	0	4	4	1	0
lpelequin	Viridiplantae	Monocots	483017	0	0.02	0.09	0.21	0	0	0	0	0	0
iynomfabr	Invertebrate	Hymenoptera	38153	0	0.02	0.26	0.07	0	0	0	0	0	0
lpcypfusc	Viridiplantae	Monocots	6242	0	0.02	0.35	0.05	0	0	0	0	0	0
wpalivire	Invertebrate	Annelida	69707	0	0.02	0.33	0.05	0	0	0	1	0	0
idgymrotn	Invertebrate	Diptera	26452	0	0.02	0.21	0.07	0	0	0	0	0	0
iyathrosa	Invertebrate	Hymenoptera	61783	0	0.01	0.08	0.18	0	0	0	0	0	0
jaricflor	Invertebrate	Cnidaria	27880	0	0.01	0.8	0.02	0	0	0	0	0	0
ddmerannu	Viridiplantae	Dicots	154513	0	0.01	0.16	0.09	0	0	0	0	0	0
idathibis	Invertebrate	Diptera	112605	0	0.01	0.19	0.07	0	0	1	17	0	1
idhydcyrt	Invertebrate	Diptera	137191	0	0.01	0.16	0.08	0	0	0	0	0	0
dhcorcolu	Viridiplantae	Dicots	95770	0	0.01	0.84	0.01	0	0	2	5	0	0
iyophlute	Invertebrate	Hymenoptera	21215	0	0.01	0.45	0.02	0	0	0	0	0	0
lpluzsylv	Viridiplantae	Monocots	616319	0	0.01	0.07	0.12	2	0	0	0	0	0
idpolamen	Invertebrate	Diptera	10828	0	0.01	0.12	0.08	0	0	0	0	0	0
idepisucc	Invertebrate	Diptera	205859	0	0.01	0.17	0.05	0	0	0	0	0	0
jamemvect	Invertebrate		13281	0	0.01	0.76	0.01	0	0	1	2	0	0
icagrcyan	Invertebrate	Coleoptera	265450	0	0.01	0.21	0.03	0	0	0	0	0	0
drhedheli	Viridiplantae	Dicots	45101	0	0.01	0.25	0.03	0	0	0	0	0	0
damisoron	Viridiplantae	Dicots	31645	0	0.01	0.14	0.05	0	0	0	0	0	0
iyanonige	Invertebrate	Hymenoptera	33919	0	0.01	0.71	0.01	0	0	5	20	0	1
ichalsede	Invertebrate	Coleoptera	34304	0	0.01	0.17	0.03	0	0	0	0	0	0
dalinvulg	Viridiplantae	Dicots	54418	0	0.01	0.42	0.01	0	0	0	0	0	0
lpleeoryz	Viridiplantae	Monocots	96980	0	0.01	0.22	0.02	0	0	0	0	0	0
ddhotpalu	Viridiplantae	Dicots	138338	0	0.01	0.37	0.01	0	0	0	7	0	0
idantanth	Invertebrate	Diptera	123511	0	0	0.28	0.02	0	0	0	0	0	0
iglabmino	Invertebrate	Dermaptera	124337	0	0	0.02	0.19	3	0	0	0	0	0
iyabicand	Invertebrate	Hymenoptera	153257	0	0	0.22	0.02	0	0	0	0	0	0
ieclodipt	Invertebrate	Ephemeroptera	22835	0	0	0.08	0.06	0	0	0	0	0	0
iilimrhom	Invertebrate	Trichoptera	24055	0	0	0.29	0.01	0	0	0	3	0	0
iycoeconi	Invertebrate	Hymenoptera	49455	0	0	1.54	0	1	0	0	1	0	0
icocyolen	Invertebrate	Coleoptera	871960	0	0	0.12	0.03	1	0	0	0	0	0
bfalche	Vertebrates	Aves	137248	0	0	0.46	0.01	0	0	0	0	0	0
icptemadi	Invertebrate	Coleoptera	196235	0	0	0.06	0.05	0	0	0	0	0	0
iilimauri	Invertebrate	Trichoptera	67393	0	0	0.26	0.01	0	0	0	0	0	0
bporhoc	Vertebrates	Aves	70741	0	0	0.61	0	0	0	0	0	0	0
drgeuriva	Viridiplantae	Dicots	235532	0	0	0.21	0.01	0	0	0	0	0	0
icagofuli	Invertebrate	Coleoptera	78628	0	0	0.18	0.01	0	0	0	0	0	0
ieecdtorr	Invertebrate	Ephemeroptera	40022	0	0	0.19	0.01	0	0	0	0	0	0
idbomdisc	Invertebrate	Diptera	333561	0	0	0.12	0.02	0	0	0	0	0	0
icnicinve	Invertebrate	Coleoptera	47195	0	0	0.17	0.01	0	0	0	0	0	0
jahalocto	Invertebrate		52420	0	0	0.03	0.07	0	0	0	0	0	0
bfalper	Vertebrates	Aves	58861	0	0	0.42	0	0	0	0	0	0	0
iypripert	Invertebrate	Hymenoptera	64585	0	0	0.35	0	0	0	0	0	0	0
icadabipu	Invertebrate	Coleoptera	79374	0	0	0.18	0.01	0	0	0	0	0	0
ddarathal	Viridiplantae	Dicots	79791	0	0	0.27	0	0	0	0	0	0	0
laapodist	Viridiplantae	Monocots	259867	0	0	0.57	0	0	0	0	0	0	0
dcspemari	Viridiplantae	Dicots	186350	0	0	0.15	0.01	0	0	0	0	0	0
idclutigr	Invertebrate	Diptera	1534444	0	0	0.32	0	0	0	0	0	0	0
lpphlprat	Viridiplantae	Monocots	150363	0	0	0.12	0.01	0	0	0	0	0	0
dmthaminu	Viridiplantae	Dicots	548156	0	0	0.23	0	0	0	0	0	0	0
icscaquad	Invertebrate	Coleoptera	591420	0	0	0.04	0	0	0	0	0	0	0
lpluzpall	Viridiplantae	Monocots	641603	0	0	0.12	0	0	0	0	0	0	0
qeorcflav	Invertebrate	Arthropoda	26178	0	0	0.35	0	0	0	1	1	0	0
qeallfusc	Invertebrate	Arthropoda	21486	0	0	0.27	0	0	0	0	0	0	0
inchrcarn	Invertebrate	Neuroptera	13418	0	0	0.13	0	0	0	0	0	0	0
iytipfemo	Invertebrate	Hymenoptera	7515	0	0	0.27	0	0	0	0	0	0	0
iybomhypn	Invertebrate	Hymenoptera	174136	0	0	0.01	0	0	0	0	0	0	0
iymaceuro	Invertebrate	Hymenoptera	18512	0	0	0.26	0	0	0	0	0	0	0
iyanddors	Invertebrate	Hymenoptera	1519	0	0	0.66	0	0	0	1	11	0	1
iyseltumu	Invertebrate	Hymenoptera	27014	0	0	0.15	0	0	0	38	38	0	2
iupsogibb	Invertebrate	Psocodea	90054	0	0	0.12	0	0	0	0	0	0	0
ipisogram	Invertebrate	Plecoptera	201890	0	0	0.2	0	0	0	0	0	0	0
ieprobifi	Invertebrate	Ephemeroptera	11589	0	0	0.37	0	0	0	0	5	0	0
idbibmarc	Invertebrate	Diptera	8370	0	0	0.05	0	0	0	0	0	0	0
idacrorbc	Invertebrate	Diptera	3045	0	0	0.39	0	0	0	0	0	0	0
idbelpand	Invertebrate	Diptera	50662	0	0	0		0	0	0	0	0	0
idmacatri	Invertebrate	Diptera	2789	0	0	0.18	0	0	0	0	0	0	0
icchroric	Invertebrate	Coleoptera	31612	0	0	0		0	0	0	0	0	0
iclepmacu	Invertebrate	Coleoptera	11278	0	0	0.34	0	0	0	0	51	0	1
icapocory	Invertebrate	Coleoptera	19814	0	0	0.07	0	0	0	0	0	0	0
bgalgal	Vertebrates	Aves	21867	0	0	0.1	0	0	0	0	0	0	0
bfalbia	Vertebrates	Aves	27005	0	0	0.51	0	0	0	0	0	0	0
fthumac	Vertebrates	Actinopterygii	2582	0	0	0.39	0	0	0	0	0	0	0
falosap	Vertebrates	Actinopterygii	34536	0	0	0.07	0	0	0	0	0	0	0
fdanrer	Vertebrates	Actinopterygii	80307	0	0	0.28	0	0	0	0	0	0	0
ftaubub	Vertebrates	Actinopterygii	28595	0	0	0.21	0	0	0	0	0	0	0
fphogun	Vertebrates	Actinopterygii	2907	0	0	0.24	0	0	0	0	0	0	0
fthualb	Vertebrates	Actinopterygii	7328	0	0	0.23	0	0	0	0	0	0	0
kaaplturb	Invertebrate	Tunicata	85503	0	0	0.03	0	0	0	0	0	0	0
fbarbab	Vertebrates	Actinopterygii	37755	0	0	0.34	0	0	0	0	0	0	0
ilpienapi	Invertebrate	Lepidoptera	48206	0	0	0.28	0	0	0	0	0	0	0
tzbugstol	Invertebrate	Bryozoa	16315	0	0	0.34	0	0	0	0	0	0	0
wplepclav	Invertebrate	Annelida	11798	0	0	0.71	0	0	0	0	1	0	0
tnlinlong	Invertebrate	Nemertea	11432	0	0	0.31	0	0	0	0	0	0	0
xblimfort	Invertebrate	Mollusca	205433	0	0	0.01	0	0	0	0	0	0	0
jadialine	Invertebrate	Cnidaria	6232	0	0	0.06	0	0	0	0	0	0	0
iccanrust	Invertebrate	Coleoptera	214120	0	0	0.12	0	0	0	0	0	0	0
icrhafulv	Invertebrate	Coleoptera	938153	0	0	0.03	0	0	0	0	0	0	0
icmalbipu	Invertebrate	Coleoptera	20075	0	0	0.39	0	0	0	0	0	0	0
iccocsept	Invertebrate	Coleoptera	60547	0	0	0.2	0	0	0	0	0	0	0
iccetaura	Invertebrate	Coleoptera	25625	0	0	0.3	0	0	0	0	0	0	0
lperiangu	Viridiplantae	Monocots	157748	0	0	0.02	0	0	0	0	0	0	0
mlemcat	Vertebrates	Mammalia	805223	0	0	0.13	0	0	0	0	0	0	0
laaliplan	Viridiplantae	Monocots	4223	0	0	0.88	0	0	0	0	0	0	0
lpscisylv	Viridiplantae	Monocots	20356	0	0	0.01	0	0	0	0	0	0	0
drtrifrag	Viridiplantae	Dicots	36933	0	0	0.41	0	0	0	0	1	0	0
dcpolavic	Viridiplantae	Dicots	51994	0	0	0.23	0	0	0	0	0	0	0
dcmoetrin	Viridiplantae	Dicots	314100	0	0	0.08	0	0	0	0	0	0	0
drroscani	Invertebrate		261308	0	0	0.16	0	0	0	0	0	0	0
datanvulg	Viridiplantae	Dicots	13703	0	0	0.2	0	0	0	0	0	0	0
dabalnigr	Viridiplantae	Dicots	52529	0	0	0.04	0	0	0	0	0	0	0
dashearve	Viridiplantae	Dicots	70557	0	0	0.01	0	0	0	0	0	0	0
