species	group	n	mm	obs	null	pct_obs	pct_null
falosap	Fish	500	0	0	0	0.0	0.0
falosap	Fish	500	1	0	0	0.0	0.0
falosap	Fish	500	2	0	0	0.0	0.0
falosap	Fish	500	3	0	0	0.0	0.0
falosap	Fish	500	4	0	10	0.0	2.0
falosap	Fish	500	5	45	82	9.0	16.4
fbarbab	Fish	500	0	0	0	0.0	0.0
fbarbab	Fish	500	1	0	0	0.0	0.0
fbarbab	Fish	500	2	0	0	0.0	0.0
fbarbab	Fish	500	3	0	4	0.0	0.8
fbarbab	Fish	500	4	1	29	0.2	5.8
fbarbab	Fish	500	5	78	169	15.6	33.8
fdanrer	Fish	500	0	0	0	0.0	0.0
fdanrer	Fish	500	1	0	0	0.0	0.0
fdanrer	Fish	500	2	0	1	0.0	0.2
fdanrer	Fish	500	3	0	3	0.0	0.6
fdanrer	Fish	500	4	0	14	0.0	2.8
fdanrer	Fish	500	5	19	138	3.8	27.6
ftratra	Fish	500	0	0	0	0.0	0.0
ftratra	Fish	500	1	0	0	0.0	0.0
ftratra	Fish	500	2	0	0	0.0	0.0
ftratra	Fish	500	3	8	1	1.6	0.2
ftratra	Fish	500	4	450	20	90.0	4.0
ftratra	Fish	500	5	496	177	99.2	35.4
ftaubub	Fish	500	0	0	0	0.0	0.0
ftaubub	Fish	500	1	0	0	0.0	0.0
ftaubub	Fish	500	2	0	0	0.0	0.0
ftaubub	Fish	500	3	0	2	0.0	0.4
ftaubub	Fish	500	4	0	16	0.0	3.2
ftaubub	Fish	500	5	11	158	2.2	31.6
fphogun	Fish	291	0	0	0	0.0	0.0
fphogun	Fish	291	1	0	0	0.0	0.0
fphogun	Fish	291	2	0	0	0.0	0.0
fphogun	Fish	291	3	0	0	0.0	0.0
fphogun	Fish	291	4	0	14	0.0	4.810996563573883
fphogun	Fish	291	5	8	79	2.7491408934707904	27.147766323024054
fthualb	Fish	500	0	0	0	0.0	0.0
fthualb	Fish	500	1	0	0	0.0	0.0
fthualb	Fish	500	2	0	0	0.0	0.0
fthualb	Fish	500	3	0	1	0.0	0.2
fthualb	Fish	500	4	2	15	0.4	3.0
fthualb	Fish	500	5	44	133	8.8	26.6
fthumac	Fish	259	0	0	0	0.0	0.0
fthumac	Fish	259	1	0	0	0.0	0.0
fthumac	Fish	259	2	0	0	0.0	0.0
fthumac	Fish	259	3	0	1	0.0	0.3861003861003861
fthumac	Fish	259	4	1	9	0.3861003861003861	3.474903474903475
fthumac	Fish	259	5	27	71	10.424710424710424	27.413127413127413
bcorhaw	Aves	500	0	0	0	0.0	0.0
bcorhaw	Aves	500	1	0	0	0.0	0.0
bcorhaw	Aves	500	2	0	2	0.0	0.4
bcorhaw	Aves	500	3	0	20	0.0	4.0
bcorhaw	Aves	500	4	342	190	68.4	38.0
bcorhaw	Aves	500	5	436	483	87.2	96.6
bporhoc	Aves	500	0	0	0	0.0	0.0
bporhoc	Aves	500	1	0	0	0.0	0.0
bporhoc	Aves	500	2	0	1	0.0	0.2
bporhoc	Aves	500	3	0	7	0.0	1.4
bporhoc	Aves	500	4	2	31	0.4	6.2
bporhoc	Aves	500	5	54	227	10.8	45.4
baccgen	Aves	500	0	0	0	0.0	0.0
baccgen	Aves	500	1	0	0	0.0	0.0
baccgen	Aves	500	2	0	0	0.0	0.0
baccgen	Aves	500	3	2	1	0.4	0.2
baccgen	Aves	500	4	53	34	10.6	6.8
baccgen	Aves	500	5	387	202	77.4	40.4
bfalper	Aves	500	0	0	0	0.0	0.0
bfalper	Aves	500	1	0	0	0.0	0.0
bfalper	Aves	500	2	0	0	0.0	0.0
bfalper	Aves	500	3	0	4	0.0	0.8
bfalper	Aves	500	4	7	31	1.4	6.2
bfalper	Aves	500	5	90	226	18.0	45.2
bfalbia	Aves	500	0	0	0	0.0	0.0
bfalbia	Aves	500	1	0	0	0.0	0.0
bfalbia	Aves	500	2	0	0	0.0	0.0
bfalbia	Aves	500	3	0	4	0.0	0.8
bfalbia	Aves	500	4	3	39	0.6	7.8
bfalbia	Aves	500	5	120	213	24.0	42.6
bfalche	Aves	500	0	0	0	0.0	0.0
bfalche	Aves	500	1	0	0	0.0	0.0
bfalche	Aves	500	2	0	0	0.0	0.0
bfalche	Aves	500	3	0	3	0.0	0.6
bfalche	Aves	500	4	3	24	0.6	4.8
bfalche	Aves	500	5	69	194	13.8	38.8
bgalgal	Aves	494	0	0	0	0.0	0.0
bgalgal	Aves	494	1	0	0	0.0	0.0
bgalgal	Aves	494	2	0	0	0.0	0.0
bgalgal	Aves	494	3	0	0	0.0	0.0
bgalgal	Aves	494	4	1	5	0.20242914979757085	1.0121457489878543
bgalgal	Aves	494	5	43	39	8.704453441295547	7.894736842105263
blagmut	Aves	33	0	0	0	0.0	0.0
blagmut	Aves	33	1	0	0	0.0	0.0
blagmut	Aves	33	2	0	0	0.0	0.0
blagmut	Aves	33	3	0	0	0.0	0.0
blagmut	Aves	33	4	9	5	27.272727272727273	15.151515151515152
blagmut	Aves	33	5	26	26	78.78787878787878	78.78787878787878
rviplat	Reptilia	500	0	0	0	0.0	0.0
rviplat	Reptilia	500	1	0	0	0.0	0.0
rviplat	Reptilia	500	2	0	0	0.0	0.0
rviplat	Reptilia	500	3	0	1	0.0	0.2
rviplat	Reptilia	500	4	123	18	24.6	3.6
rviplat	Reptilia	500	5	378	159	75.6	31.8
melemax	Mammalia	500	0	0	0	0.0	0.0
melemax	Mammalia	500	1	0	0	0.0	0.0
melemax	Mammalia	500	2	0	0	0.0	0.0
melemax	Mammalia	500	3	1	12	0.2	2.4
melemax	Mammalia	500	4	214	132	42.8	26.4
melemax	Mammalia	500	5	500	471	100.0	94.2
mlemcat	Mammalia	499	0	0	0	0.0	0.0
mlemcat	Mammalia	499	1	0	0	0.0	0.0
mlemcat	Mammalia	499	2	0	0	0.0	0.0
mlemcat	Mammalia	499	3	0	0	0.0	0.0
mlemcat	Mammalia	499	4	0	4	0.0	0.8016032064128257
mlemcat	Mammalia	499	5	0	37	0.0	7.414829659318637
mdicbic	Mammalia	500	0	0	0	0.0	0.0
mdicbic	Mammalia	500	1	0	0	0.0	0.0
mdicbic	Mammalia	500	2	0	1	0.0	0.2
mdicbic	Mammalia	500	3	0	2	0.0	0.4
mdicbic	Mammalia	500	4	19	30	3.8	6.0
mdicbic	Mammalia	500	5	441	189	88.2	37.8
mcanlor	Mammalia	500	0	0	0	0.0	0.0
mcanlor	Mammalia	500	1	0	0	0.0	0.0
mcanlor	Mammalia	500	2	0	1	0.0	0.2
mcanlor	Mammalia	500	3	5	10	1.0	2.0
mcanlor	Mammalia	500	4	327	113	65.4	22.6
mcanlor	Mammalia	500	5	457	440	91.4	88.0
mmelmel	Mammalia	500	0	0	0	0.0	0.0
mmelmel	Mammalia	500	1	0	0	0.0	0.0
mmelmel	Mammalia	500	2	0	0	0.0	0.0
mmelmel	Mammalia	500	3	0	3	0.0	0.6
mmelmel	Mammalia	500	4	30	27	6.0	5.4
mmelmel	Mammalia	500	5	285	166	57.0	33.2
mcerela	Mammalia	500	0	0	0	0.0	0.0
mcerela	Mammalia	500	1	0	0	0.0	0.0
mcerela	Mammalia	500	2	0	1	0.0	0.2
mcerela	Mammalia	500	3	4	13	0.8	2.6
mcerela	Mammalia	500	4	409	151	81.8	30.2
mcerela	Mammalia	500	5	500	462	100.0	92.4
mrhisin	Mammalia	457	0	0	0	0.0	0.0
mrhisin	Mammalia	457	1	0	0	0.0	0.0
mrhisin	Mammalia	457	2	1	0	0.2188183807439825	0.0
mrhisin	Mammalia	457	3	90	22	19.693654266958426	4.814004376367615
mrhisin	Mammalia	457	4	275	149	60.17505470459518	32.60393873085339
mrhisin	Mammalia	457	5	378	433	82.71334792122538	94.74835886214441
human	Human	500	0	134	0	26.8	0.0
human	Human	500	1	196	0	39.2	0.0
human	Human	500	2	219	0	43.8	0.0
human	Human	500	3	232	2	46.4	0.4
human	Human	500	4	248	20	49.6	4.0
human	Human	500	5	375	156	75.0	31.2
