species	taxa1	n	canonical	canonical_null	broad	broad_null	degenerate	degenerate_null	pwm	pwm_null	lines_positive
mrhisin	Mammalia	2000	0	0	497	21	500	61	860	0	3
drparjuda	Dicots	2000	0	0	107	1	108	4	0	0	2
iyseltumu	Hymenoptera	2000	0	0	38	1	38	1	0	0	2
dalyceuro	Dicots	2000	0	0	1	7	44	28	0	0	1
ddeuppepu	Dicots	2000	0	0	4	0	38	3	0	0	1
iclepmacu	Coleoptera	2000	0	0	0	2	51	4	0	0	1
idathibis	Diptera	2000	0	0	1	0	17	8	0	0	1
ioisceleg	Odonata	2000	0	0	0	0	69	4	0	0	1
iyanddors	Hymenoptera	1519	0	0	1	1	11	3	0	0	1
iyanonige	Hymenoptera	2000	0	0	5	0	20	3	0	0	1
iyapainim	Hymenoptera	2000	0	0	0	2	14	4	0	0	1
iyvesvulg	Hymenoptera	1241	0	0	1	2	17	6	0	1	1
latrimari	Monocots	2000	0	0	21	18	39	44	0	2	1
lpjunsqua	Monocots	2000	0	0	0	2	19	5	0	0	1
lpschlacu	Monocots	2000	0	0	1	0	14	2	0	0	1
lpschltabe	NA	2000	0	0	1	0	25	4	0	0	1
lpschltriq	NA	2000	0	0	0	0	51	5	0	0	1
melemax	Mammalia	2000	0	0	0	16	136	70	0	0	1
lpdigsang	Monocots	2000	0	0	4	0	4	1	1	0	0
baccgen	Aves	2000	0	0	0	1	0	11	0	0	0
bcorhaw	Aves	2000	0	0	0	28	0	117	0	2	0
bfalbia	Aves	2000	0	0	0	2	0	10	0	0	0
bfalche	Aves	2000	0	0	0	1	0	6	0	0	0
bfalper	Aves	2000	0	0	0	4	0	18	0	0	0
bgalgal	Aves	2000	0	0	0	0	0	0	0	0	0
blagmut	Aves	946	0	0	2	7	2	30	0	0	0
bporhoc	Aves	2000	0	0	0	2	0	7	0	0	0
daarcminu	Dicots	2000	0	0	0	0	0	0	0	0	0
dabalnigr	Dicots	2000	0	0	0	0	0	0	0	0	0
dalinvulg	Dicots	2000	0	0	0	0	0	0	0	0	0
damisoron	Dicots	2000	0	0	0	0	0	0	0	0	0
dascugale	Dicots	2000	0	0	0	0	0	2	0	0	0
dashearve	Dicots	2000	0	0	0	0	0	0	0	0	0
datanvulg	Dicots	2000	0	0	0	1	0	1	0	0	0
dcareserp	Dicots	2000	0	0	0	1	0	1	0	0	0
dcastglyc	NA	2000	0	0	0	0	0	1	0	0	0
dcmoetrin	Dicots	2000	0	0	0	0	0	0	0	0	0
dcpolavic	Dicots	2000	0	0	0	0	0	2	0	0	0
dcpoltetr	Dicots	2000	0	0	0	1	0	1	0	0	0
dcspemari	Dicots	2000	0	0	0	1	0	2	0	0	0
ddarathal	Dicots	2000	0	0	0	1	0	1	0	0	0
ddbarvulg	Dicots	2000	0	0	0	2	0	6	0	1	0
ddhotpalu	Dicots	2000	0	0	0	2	7	4	0	0	0
ddmerannu	Dicots	2000	0	0	0	2	0	3	0	0	0
ddpopnigr	Dicots	2000	0	0	0	1	0	1	0	0	0
dhcorcolu	Dicots	2000	0	0	2	3	5	10	0	0	0
dhquebobu	NA	2000	0	0	0	1	4	2	0	0	0
dmaquvulg	Dicots	2000	0	0	0	5	0	15	0	0	0
dmbervulg	Dicots	2000	0	0	0	4	0	5	0	0	0
dmthaminu	Dicots	2000	0	0	0	2	0	4	0	0	0
drchaangu	Dicots	2000	0	0	0	3	0	5	0	0	0
drgeuriva	Dicots	2000	0	0	0	0	0	1	0	0	0
drhedheli	Dicots	2000	0	0	0	0	0	3	0	0	0
drmedarab	Dicots	2000	0	0	0	0	0	0	0	0	0
drpotanse	Dicots	2000	0	0	0	1	0	3	0	0	0
drroscani	NA	2000	0	0	0	1	0	1	0	0	0
drtrifrag	Dicots	2000	0	0	0	2	1	7	0	0	0
eamarglac	Echinodermata	2000	0	0	0	7	1	29	0	0	0
falosap	Actinopterygii	2000	0	0	0	0	0	0	0	0	0
fbarbab	Actinopterygii	2000	0	0	0	1	0	3	0	0	0
fdanrer	Actinopterygii	2000	0	0	0	0	0	1	0	0	0
fphogun	Actinopterygii	2000	0	0	0	0	0	1	0	0	0
ftaubub	Actinopterygii	2000	0	0	0	1	0	2	0	0	0
fthualb	Actinopterygii	2000	0	0	0	1	0	5	0	0	0
fthumac	Actinopterygii	2000	0	0	0	0	0	2	0	0	0
ftratra	Actinopterygii	2000	0	0	3	5	5	8	0	0	0
ibectpall	Blattodea	2000	0	0	0	0	0	1	0	0	0
icadabipu	Coleoptera	2000	0	0	0	0	0	0	0	0	0
icagofuli	Coleoptera	2000	0	0	0	0	0	1	0	0	0
icagrcyan	Coleoptera	2000	0	0	0	1	0	1	0	0	0
icapocory	Coleoptera	2000	0	0	0	0	0	0	0	0	0
iccanrust	Coleoptera	2000	0	0	0	0	0	0	0	0	0
iccarprob	Coleoptera	2000	0	0	0	2	0	2	0	0	0
iccetaura	Coleoptera	2000	0	0	0	2	0	4	0	0	0
icchroric	Coleoptera	2000	0	0	0	0	0	0	0	0	0
iccocsept	Coleoptera	2000	0	0	0	0	0	3	0	0	0
ichalsede	Coleoptera	2000	0	0	0	0	0	2	0	0	0
icharaxyr	Coleoptera	2000	0	0	0	2	0	5	0	0	0
icmalbipu	Coleoptera	2000	0	0	0	1	0	11	0	0	0
icnebbrev	Coleoptera	2000	0	0	0	0	0	0	0	0	0
icnebsali	Coleoptera	2000	0	0	0	0	0	0	0	0	0
icnicinve	Coleoptera	2000	0	0	0	0	0	0	0	0	0
icocyolen	Coleoptera	2000	0	0	0	0	0	1	0	0	0
icpolcerv	Coleoptera	2000	0	0	0	1	0	9	0	0	0
icptemadi	Coleoptera	2000	0	0	0	0	0	1	0	0	0
icquelate	Coleoptera	2000	0	0	0	7	1	8	0	0	0
icrhafulv	Coleoptera	2000	0	0	0	0	0	0	0	0	0
icscaquad	Coleoptera	2000	0	0	0	0	0	1	0	0	0
icsilatra	Coleoptera	2000	0	0	0	1	0	3	0	0	0
idacrorbc	Diptera	2000	0	0	0	0	0	1	0	1	0
idantanth	Diptera	2000	0	0	0	2	0	2	0	0	0
idbelpand	Diptera	2000	0	0	0	0	0	0	0	0	0
idbibmarc	Diptera	2000	0	0	0	0	0	0	0	0	0
idbomdisc	Diptera	2000	0	0	0	0	0	1	0	0	0
idclutigr	Diptera	2000	0	0	0	0	0	2	0	0	0
idepisucc	Diptera	2000	0	0	0	1	0	2	0	0	0
idgymrotn	Diptera	2000	0	0	0	1	0	1	0	0	0
idhydcyrt	Diptera	2000	0	0	0	0	0	1	0	0	0
idmacatri	Diptera	2000	0	0	0	1	0	2	0	0	0
idphymeln	Diptera	2000	0	0	0	0	0	0	0	0	0
idpolamen	Diptera	2000	0	0	0	0	0	0	0	0	0
idproazur	Diptera	2000	0	0	0	0	0	1	0	0	0
ieclodipt	Ephemeroptera	2000	0	0	0	0	0	0	0	0	0
ieecdtorr	Ephemeroptera	2000	0	0	0	3	0	3	0	0	0
ieprobifi	Ephemeroptera	2000	0	0	0	0	5	2	0	0	0
iesipalte	Ephemeroptera	2000	0	0	0	0	0	7	0	0	0
iglabmino	Dermaptera	2000	0	0	0	0	0	0	0	0	0
ihaelacum	Hemiptera	2000	0	0	0	1	0	5	0	0	0
ihicepurc	Hemiptera	2000	0	0	0	2	2	6	0	0	0
iilimauri	Trichoptera	2000	0	0	0	1	0	1	0	0	0
iilimluna	Trichoptera	2000	0	0	0	0	1	0	0	0	0
iilimmarm	Trichoptera	2000	0	0	1	1	2	2	0	0	0
iilimrhom	Trichoptera	2000	0	0	0	2	3	3	0	0	0
ilpienapi	Lepidoptera	2000	0	0	0	1	0	5	0	1	0
inchrcarn	Neuroptera	2000	0	0	0	0	0	0	0	0	0
ipisogram	Plecoptera	2000	0	0	0	3	0	8	0	0	0
ipnemdubi	Plecoptera	2000	0	0	1	17	15	146	0	0	0
iuloevari	Psocodea	2000	0	0	3	4	4	10	0	0	0
iupsogibb	Psocodea	2000	0	0	0	0	0	0	0	0	0
iyabicand	Hymenoptera	2000	0	0	0	1	0	3	0	0	0
iyarmarma	NA	2000	0	0	0	2	0	6	0	0	0
iyathrosa	Hymenoptera	2000	0	0	0	0	0	1	0	0	0
iybomhypn	Hymenoptera	2000	0	0	0	0	0	0	0	0	0
iycoeconi	Hymenoptera	2000	0	0	0	11	1	70	0	1	0
iyectcont	Hymenoptera	2000	0	0	0	0	0	5	0	0	0
iylasvill	Hymenoptera	2000	0	0	0	2	1	13	0	0	0
iymacalbo	Hymenoptera	2000	0	0	0	1	1	2	0	0	0
iymaceuro	Hymenoptera	2000	0	0	0	1	0	2	0	0	0
iymimdahl	Hymenoptera	2000	0	0	0	7	0	22	0	0	0
iynomfabr	Hymenoptera	2000	0	0	0	0	0	3	0	0	0
iynyspin	NA	2000	0	0	0	0	0	2	0	0	0
iyophlute	Hymenoptera	2000	0	0	0	2	0	7	0	0	0
iypemlugu	Hymenoptera	2000	0	0	1	9	1	23	0	2	0
iypripert	Hymenoptera	2000	0	0	0	1	0	3	0	0	0
iystephae	Hymenoptera	2000	0	0	1	1	1	2	0	0	0
iytipfemo	Hymenoptera	2000	0	0	0	1	0	2	0	0	0
iyvulbima	Hymenoptera	2000	0	0	0	0	0	2	0	0	0
jadialine	Cnidaria	2000	0	0	0	0	0	0	0	0	0
jahalocto	NA	2000	0	0	0	0	0	0	0	0	0
jamemvect	NA	2000	0	0	1	2	2	7	0	0	0
jaricflor	Cnidaria	2000	0	0	0	3	0	9	0	0	0
kaaplturb	Tunicata	2000	0	0	0	0	0	1	0	0	0
laaliplan	Monocots	2000	0	0	0	0	0	7	0	0	0
laapodist	Monocots	2000	0	0	0	2	0	7	0	0	0
lapotnata	Monocots	2000	0	0	0	2	0	11	0	0	0
lpcardepa	Monocots	2000	0	0	0	0	0	0	0	0	0
lpcypfusc	Monocots	2000	0	0	0	2	0	5	0	0	0
lpelequin	Monocots	2000	0	0	0	0	0	0	0	0	0
lperiangu	Monocots	2000	0	0	0	0	0	0	0	0	0
lpjunbufo	Monocots	2000	0	0	0	0	0	0	0	0	0
lpjuneffu	Monocots	2000	0	0	0	0	0	0	0	0	0
lpleeoryz	Monocots	2000	0	0	0	2	0	4	0	1	0
lpluzpall	Monocots	2000	0	0	0	0	0	2	0	0	0
lpluzsylv	Monocots	2000	0	0	0	0	0	1	0	0	0
lpphlprat	Monocots	2000	0	0	0	0	0	1	0	0	0
lpscisylv	Monocots	2000	0	0	0	0	0	0	0	0	0
lsirifoet	Monocots	2000	0	0	0	0	0	0	0	0	0
mcanlor	Mammalia	2000	0	0	1	12	1	45	0	0	0
mcerela	Mammalia	2000	0	0	1	15	3	60	0	0	0
mdicbic	Mammalia	2000	0	0	0	0	0	4	0	0	0
mlemcat	Mammalia	2000	0	0	0	0	0	1	0	0	0
mmelmel	Mammalia	2000	0	0	0	1	0	3	0	0	0
morcroc	NA	2000	0	0	0	3	0	20	0	0	0
ocsyccili	Porifera	2000	0	0	0	2	0	15	0	0	0
qeallfusc	Arthropoda	2000	0	0	0	2	0	4	0	0	0
qelepcurv	Arthropoda	2000	0	0	0	7	0	22	0	0	0
qeorcflav	Arthropoda	2000	0	0	1	0	1	3	0	0	0
rviplat	Reptilia	2000	0	0	0	1	2	8	0	0	0
tnlinlong	Nemertea	2000	0	0	0	1	0	5	0	0	0
tzbugstol	Bryozoa	2000	0	0	0	1	0	1	0	0	0
tzmemmemb	Bryozoa	2000	0	0	3	2	4	4	0	0	0
wpalivire	Annelida	2000	0	0	0	3	1	9	0	0	0
wplepclav	Annelida	2000	0	0	0	5	1	12	0	1	0
xblimfort	Mollusca	2000	0	0	0	0	0	0	0	0	0
xggibmagu	Mollusca	2000	0	0	0	2	0	5	0	0	0
