species	taxa1	n_monomers	pct_box_le2mm	pct_box_le3mm	pct_null_le3mm	enrichment_le3mm
icpolcerv	Coleoptera	5752	0.38247566063977745	44.94089012517385	0.8518776077885952	52.755102040816325
mrhisin	Mammalia	61730	0.6836222258221286	26.721205248663534	4.2183703223716185	6.334485407066052
iyarmarma	NA	63220	2.3252135400189813	10.267320468206265	0.3464093641252768	29.6392694063927
icsilatra	Coleoptera	59208	0.04560194568301581	8.549520335089852	0.35974868261045806	23.76525821596244
ibectpall	Blattodea	179200	0.13839285714285715	4.805245535714286	0.32310267857142855	14.872193436960277
ipnemdubi	Plecoptera	4399	0.136394635144351	4.660150034098659	0.681973175721755	6.833333333333333
lapotnata	Monocots	39033	0.01793354341198473	4.114467245663925	0.36635667255911664	11.23076923076923
latrimari	Monocots	16121	0.04962471310712735	3.4054959369766142	2.83481173624465	1.2013129102844637
iyvesvulg	Hymenoptera	1241	0.08058017727639001	2.9008863819500403	1.8533440773569703	1.565217391304348
ftratra	Actinopterygii	6659	0.12013815888271512	2.5229013365370174	0.3153626670671272	8.0
idproazur	Diptera	96442	0.005184463200680202	2.368262790070716	0.12961158001700504	18.272
lpjunsqua	Monocots	157934	0.006964934719566401	1.5177225929818785	0.3792723542745704	4.0016694490818026
mcanlor	Mammalia	22116	0.06782419967444384	1.3926568999819136	1.939772110689094	0.717948717948718
ocsyccili	Porifera	26043	0.0	1.2824943362899819	0.806358714433821	1.5904761904761904
icharaxyr	Coleoptera	69445	0.0014399884800921593	0.8251133990928072	0.37583699330405357	2.1954022988505746
ihaelacum	Hemiptera	62647	0.003192491260555174	0.8045077976599039	0.15483582613692595	5.195876288659793
mcerela	Mammalia	224055	0.0	0.7569569971658745	2.2110642476177724	0.34234961647153817
lsirifoet	Monocots	281687	0.01775019791470675	0.7121379403380348	0.32127858225619216	2.2165745856353594
melemax	Mammalia	32556	0.0	0.611254453864111	2.494163902199287	0.24507389162561577
lpjunbufo	Monocots	627881	0.014174660485028214	0.5714458631492273	0.12948313454301053	4.413284132841329
blagmut	Aves	946	0.10570824524312897	0.5285412262156448	3.488372093023256	0.15151515151515152
dascugale	Dicots	171015	0.0	0.4853375434903371	0.08361839604713037	5.804195804195804
dalyceuro	Dicots	8664	0.0	0.48476454293628807	0.8771929824561403	0.5526315789473685
ddpopnigr	Dicots	69080	0.005790387955993051	0.4704690214244354	0.3228141285466126	1.4573991031390134
iynyspin	NA	3919	0.0	0.45930084205154376	0.35723398826231184	1.2857142857142856
iyvulbima	Hymenoptera	129810	0.0	0.42523688467760573	0.27578768970033124	1.5418994413407823
drparjuda	Dicots	46759	0.0	0.42130926666524093	0.3379028636198379	1.2468354430379747
drchaangu	Dicots	286512	0.0010470765622382309	0.3315742447087731	0.30714245825654773	1.0795454545454546
baccgen	Aves	112507	0.0	0.26842774227381405	0.4604157963504493	0.583011583011583
daarcminu	Dicots	30248	0.0	0.2545622851097593	0.32068235916424226	0.7938144329896907
iystephae	Hymenoptera	635436	0.003462189740587565	0.24345488766768014	0.10260671413014057	2.372699386503067
lpjuneffu	Monocots	163943	0.0024398723946737586	0.2354476860860177	0.13968269459507268	1.685589519650655
iylasvill	Hymenoptera	72443	0.002760791242770178	0.21534171693607387	0.7619783830045691	0.2826086956521739
dhquebobu	NA	167213	0.0011960792522112515	0.2087158295108634	0.14771578764808957	1.4129554655870444
ihicepurc	Hemiptera	3643	0.0	0.19214932747735383	0.46664836673071647	0.4117647058823529
icnebsali	Coleoptera	38388	0.0	0.1875586120662707	0.09898926747942065	1.894736842105263
rviplat	Reptilia	50688	0.0	0.16571969696969696	0.335385101010101	0.49411764705882355
iymimdahl	Hymenoptera	9509	0.0	0.15774529393206435	0.8728572930907561	0.18072289156626506
dmaquvulg	Dicots	51495	0.0	0.13787746383143995	0.7515292746868628	0.1834625322997416
dmbervulg	Dicots	709899	0.0	0.1286098444990062	0.34976806559806395	0.3677003624647604
mmelmel	Mammalia	87864	0.0	0.11381225530365109	0.3198124374032596	0.3558718861209964
qelepcurv	Arthropoda	2767	0.0	0.10842067220816769	2.023852547885797	0.05357142857142857
eamarglac	Echinodermata	30679	0.0	0.10430587698425633	1.219074937253496	0.0855614973262032
iccarprob	Coleoptera	130427	0.0	0.08817192759167963	0.256848658636632	0.34328358208955223
iyapainim	Hymenoptera	32353	0.0	0.08654529719036874	0.7634531573578958	0.11336032388663966
bcorhaw	Aves	16392	0.0	0.0854075158613958	3.898243045387994	0.02190923317683881
drmedarab	Dicots	56484	0.0	0.08497981729339282	0.13278096452092628	0.64
icnebbrev	Coleoptera	19128	0.0	0.07319113341698034	0.1411543287327478	0.5185185185185185
iilimmarm	Trichoptera	61594	0.0	0.0730590641945644	0.27924797869922396	0.26162790697674415
ioisceleg	Odonata	12570	0.0	0.07159904534606205	0.3261734287987271	0.21951219512195122
lpschltabe	NA	273802	0.0018261371355943346	0.05734070605766211	0.08108048882038846	0.7072072072072072
iilimluna	Trichoptera	41449	0.002412603440372506	0.055489879128567635	0.3763661366981109	0.14743589743589744
lpschlacu	Monocots	76171	0.0026256711871972273	0.05382625933754316	0.09321132714550157	0.5774647887323944
idphymeln	Diptera	26890	0.0	0.05206396429899591	0.1375976199330606	0.3783783783783784
morcroc	NA	100639	0.0	0.05166982978765687	0.7134411112988006	0.07242339832869081
icquelate	Coleoptera	67879	0.0014732096819340297	0.04714270982188895	0.5671857275446014	0.08311688311688312
dcpoltetr	Dicots	122114	0.0	0.04585878769019113	0.270239284602912	0.1696969696969697
iuloevari	Psocodea	32540	0.0	0.0430239704978488	0.4578979717271051	0.09395973154362415
lpschltriq	NA	1097311	0.0005467912014005146	0.04255858184234005	0.07937585606997469	0.5361653272101033
dcastglyc	NA	88737	0.020284661415193212	0.04169624846456382	0.23778130881143153	0.17535545023696683
iyectcont	Hymenoptera	194265	0.0	0.03963657889995625	0.3361387795022263	0.11791730474732008
iypemlugu	Hymenoptera	51086	0.0	0.035234702266765845	1.720627960693732	0.020477815699658702
iesipalte	Ephemeroptera	34097	0.0	0.032260902718714256	0.34900431122972697	0.09243697478991596
drpotanse	Dicots	24677	0.0	0.028366495116910483	0.12967540624873364	0.21875
mdicbic	Mammalia	335103	0.0	0.027752661122102756	0.4652300934339591	0.05965362411802438
ddeuppepu	Dicots	131031	0.0	0.0251848799139135	0.3304561515977135	0.07621247113163972
dcareserp	Dicots	146273	0.0	0.02324420774852502	0.21876901410376487	0.10625000000000001
tzmemmemb	Bryozoa	27483	0.0	0.021831677764436196	0.7204453662263945	0.0303030303030303
xggibmagu	Mollusca	69876	0.0	0.021466597973553152	0.35062110023470144	0.06122448979591837
lpcardepa	Monocots	204120	0.0	0.0210660395845581	0.11120909269057418	0.18942731277533037
iymacalbo	Hymenoptera	23805	0.0	0.021003990758244065	0.1596303297626549	0.13157894736842105
ddbarvulg	Dicots	39724	0.0	0.020138958815829222	0.6444466821065351	0.03125
lpdigsang	Monocots	104747	0.0	0.020048306872750533	0.33891185427744946	0.05915492957746479
lpelequin	Monocots	483017	0.0	0.019046948658121763	0.09068003817671014	0.2100456621004566
iynomfabr	Hymenoptera	38153	0.0	0.018347181086677326	0.2594815610830079	0.0707070707070707
lpcypfusc	Monocots	6242	0.0	0.016020506247997435	0.3524511374559436	0.045454545454545456
wpalivire	Annelida	69707	0.0	0.015780337699226762	0.33425624399271237	0.047210300429184546
idgymrotn	Diptera	26452	0.0	0.015121729925903523	0.21170421896264932	0.07142857142857142
iyathrosa	Hymenoptera	61783	0.0	0.014567113931016623	0.08254697894242753	0.1764705882352941
jaricflor	Cnidaria	27880	0.0	0.014347202295552367	0.8034433285509326	0.017857142857142856
ddmerannu	Dicots	154513	0.0	0.014238284157320097	0.1559739309960974	0.09128630705394192
idathibis	Diptera	112605	0.0	0.012432840460015098	0.18915678699880112	0.06572769953051644
idhydcyrt	Diptera	137191	0.0	0.011662572617737316	0.15525799797362802	0.07511737089201878
dhcorcolu	Dicots	95770	0.0	0.011485851519264905	0.8363788242664718	0.013732833957553058
iyophlute	Hymenoptera	21215	0.0	0.009427292010370021	0.44779637049257603	0.021052631578947368
lpluzsylv	Monocots	616319	0.00032450727626440206	0.009248457373535458	0.07479892717894467	0.12364425162689804
idpolamen	Diptera	10828	0.0	0.009235315847801994	0.12005910602142593	0.07692307692307693
idepisucc	Diptera	205859	0.0	0.008258079559310013	0.16953351565877614	0.04871060171919771
jamemvect	NA	13281	0.0	0.0075295534974775995	0.7604849032452375	0.009900990099009901
icagrcyan	Coleoptera	265450	0.0	0.0067809380297607835	0.209455641363722	0.03237410071942446
drhedheli	Dicots	45101	0.0	0.00665173721203521	0.24833152258264785	0.026785714285714284
damisoron	Dicots	31645	0.0	0.006320113762047717	0.13904250276504976	0.04545454545454546
iyanonige	Hymenoptera	33919	0.0	0.005896400247648811	0.7075680297178573	0.008333333333333333
ichalsede	Coleoptera	34304	0.0	0.005830223880597015	0.16907649253731344	0.034482758620689655
dalinvulg	Dicots	54418	0.0	0.005512881767062369	0.4171413870410526	0.013215859030837005
lpleeoryz	Monocots	96980	0.0	0.005155702206640545	0.2196329140028872	0.02347417840375587
ddhotpalu	Dicots	138338	0.0	0.005060070262689933	0.3701079963567494	0.013671875
idantanth	Diptera	123511	0.0	0.004857866910639538	0.27770805839156026	0.01749271137026239
iglabmino	Dermaptera	124337	0.0024127974778223697	0.0048255949556447394	0.024932240604164487	0.1935483870967742
iyabicand	Hymenoptera	153257	0.0	0.004567491207579426	0.22184957293957208	0.02058823529411765
ieclodipt	Ephemeroptera	22835	0.0	0.004379242391066345	0.07882636303919421	0.05555555555555556
iilimrhom	Trichoptera	24055	0.0	0.0041571398877572234	0.2868426522552484	0.014492753623188406
iycoeconi	Hymenoptera	49455	0.0020220402386007482	0.0040440804772014964	1.5448387422909715	0.002617801047120419
icocyolen	Coleoptera	871960	0.00011468415982384513	0.0036698931143630442	0.11835405293820818	0.031007751937984496
bfalche	Aves	137248	0.0	0.0036430403357425975	0.46266612263930984	0.007874015748031498
icptemadi	Coleoptera	196235	0.0	0.003057558539506204	0.06471832241954799	0.047244094488188976
iilimauri	Trichoptera	67393	0.0	0.002967667265146232	0.2641223865980146	0.011235955056179777
bporhoc	Aves	70741	0.0	0.002827214769369955	0.6064375680298554	0.004662004662004662
drgeuriva	Dicots	235532	0.0	0.0025474245537761325	0.21143623796341898	0.012048192771084338
icagofuli	Coleoptera	78628	0.0	0.0025436231367960524	0.17805361957572366	0.014285714285714287
ieecdtorr	Ephemeroptera	40022	0.0	0.002498625755834291	0.19489280895507471	0.01282051282051282
idbomdisc	Diptera	333561	0.0	0.0023983619188094533	0.12231645785928211	0.019607843137254905
icnicinve	Coleoptera	47195	0.0	0.002118868524208073	0.17374721898506199	0.012195121951219513
jahalocto	NA	52420	0.0	0.0019076688286913392	0.02861503243037009	0.06666666666666667
bfalper	Aves	58861	0.0	0.0016989177893681725	0.4247294473420431	0.004
iypripert	Hymenoptera	64585	0.0	0.0015483471394286599	0.3545714949291631	0.004366812227074236
icadabipu	Coleoptera	79374	0.0	0.0012598583919167486	0.18015975004409504	0.006993006993006993
ddarathal	Dicots	79791	0.0	0.0012532741787920944	0.27446704515546866	0.0045662100456621
laapodist	Monocots	259867	0.0	0.0011544366926158382	0.5695221016904801	0.002027027027027027
dcspemari	Dicots	186350	0.0	0.0010732492621411322	0.15240139522404078	0.007042253521126761
idclutigr	Diptera	1534444	0.0	0.0007168720396443272	0.3150326763309707	0.0022755482002482417
lpphlprat	Monocots	150363	0.0	0.0006650572281744844	0.11971030107140719	0.005555555555555556
dmthaminu	Dicots	548156	0.0	0.0005472894577456053	0.2333277388188764	0.0023455824863174352
icscaquad	Coleoptera	591420	0.0	0.0001690845761049677	0.04413107436339657	0.0038314176245210726
lpluzpall	Monocots	641603	0.0	0.00015585962035713673	0.1175181537492811	0.001326259946949602
qeorcflav	Arthropoda	26178	0.0	0.0	0.3476201390480556	0.0
qeallfusc	Arthropoda	21486	0.0	0.0	0.26994321884017497	0.0
inchrcarn	Neuroptera	13418	0.0	0.0	0.1341481591891489	0.0
iytipfemo	Hymenoptera	7515	0.0	0.0	0.2661343978709248	0.0
iybomhypn	Hymenoptera	174136	0.0	0.0	0.012059539670142876	0.0
iymaceuro	Hymenoptera	18512	0.0	0.0	0.25929127052722556	0.0
iyanddors	Hymenoptera	1519	0.0	0.0	0.6583278472679395	0.0
iyseltumu	Hymenoptera	27014	0.0	0.0	0.14807137040053306	0.0
iupsogibb	Psocodea	90054	0.0	0.0	0.1243698225509139	0.0
ipisogram	Plecoptera	201890	0.0	0.0	0.20209024716429738	0.0
ieprobifi	Ephemeroptera	11589	0.0	0.0	0.3710415048753128	0.0
idbibmarc	Diptera	8370	0.0	0.0	0.04778972520908005	0.0
idacrorbc	Diptera	3045	0.0	0.0	0.39408866995073893	0.0
idbelpand	Diptera	50662	0.0	0.0	0.0	
idmacatri	Diptera	2789	0.0	0.0	0.17927572606669057	0.0
icchroric	Coleoptera	31612	0.0	0.0	0.0	
iclepmacu	Coleoptera	11278	0.0	0.0	0.3369391736123426	0.0
icapocory	Coleoptera	19814	0.0	0.0	0.06561017462400323	0.0
bgalgal	Aves	21867	0.0	0.0	0.09603512141583208	0.0
bfalbia	Aves	27005	0.0	0.0	0.5073134604702833	0.0
fthumac	Actinopterygii	2582	0.0	0.0	0.3872966692486445	0.0
falosap	Actinopterygii	34536	0.0	0.0	0.0723882325689136	0.0
fdanrer	Actinopterygii	80307	0.0	0.0	0.2764391647054429	0.0
ftaubub	Actinopterygii	28595	0.0	0.0	0.20632977793320512	0.0
fphogun	Actinopterygii	2907	0.0	0.0	0.24079807361541108	0.0
fthualb	Actinopterygii	7328	0.0	0.0	0.23198689956331878	0.0
kaaplturb	Tunicata	85503	0.0	0.0	0.03391693858695016	0.0
fbarbab	Actinopterygii	37755	0.0	0.0	0.33637928751158785	0.0
ilpienapi	Lepidoptera	48206	0.0	0.0	0.28212255735800523	0.0
tzbugstol	Bryozoa	16315	0.0	0.0	0.3371130861170702	0.0
wplepclav	Annelida	11798	0.0	0.0	0.7119850822173249	0.0
tnlinlong	Nemertea	11432	0.0	0.0	0.30615815255423373	0.0
xblimfort	Mollusca	205433	0.0	0.0	0.008275204081135943	0.0
jadialine	Cnidaria	6232	0.0	0.0	0.06418485237483953	0.0
iccanrust	Coleoptera	214120	0.0	0.0	0.11769101438445731	0.0
icrhafulv	Coleoptera	938153	0.0	0.0	0.027500844744940325	0.0
icmalbipu	Coleoptera	20075	0.0	0.0	0.39352428393524286	0.0
iccocsept	Coleoptera	60547	0.0	0.0	0.1981931392141642	0.0
iccetaura	Coleoptera	25625	0.0	0.0	0.30048780487804877	0.0
lperiangu	Monocots	157748	0.0	0.0	0.019651596216750767	0.0
mlemcat	Mammalia	805223	0.0	0.0	0.12866001095348742	0.0
laaliplan	Monocots	4223	0.0	0.0	0.8761543926118873	0.0
lpscisylv	Monocots	20356	0.0	0.0	0.014737669483199057	0.0
drtrifrag	Dicots	36933	0.0	0.0	0.40884845531096853	0.0
dcpolavic	Dicots	51994	0.0	0.0	0.23271915990306574	0.0
dcmoetrin	Dicots	314100	0.0	0.0	0.0760904170646291	0.0
drroscani	NA	261308	0.0	0.0	0.16187793714696833	0.0
datanvulg	Dicots	13703	0.0	0.0	0.20433481719331534	0.0
dabalnigr	Dicots	52529	0.0	0.0	0.04378533762302728	0.0
dashearve	Dicots	70557	0.0	0.0	0.012755644372634892	0.0
