fam,n,tot.bp,width,gc%,trash.fam,taxa,fasta,chrs,genome.bp,genome.gc,clade1,clade2,genus,spp
qelepcurv.1036,2767,2006335,726,0.457725178,1036_1,invertebrate,qeLepCurv1.1.fa,6,200247165,37.41,Arthropoda,Entomobryomorpha,Lepidocyrtus,curvicollis
qeorcflav.136,26178,3527007,136,0.448495775,125_1,invertebrate,qeOrcFlav1.1.fa,6,273379426,36.07,Arthropoda,Entomobryomorpha,Orchesella,flavescens
qeallfusc.145,21486,3083599,145,0.394101145,148_3,invertebrate,qeAllFusc8.1.fa,6,386064509,36.9,Arthropoda,Symphypleona,Allacma,fusca
ioisceleg.313,12570,3925837,313,0.32717628,315_60,invertebrate,ioIscEleg1.1.fa,14,1662899688,38.49,Odonata,Coenagrionidae,Ischnura,elegans
ieclodipt.72,19343,1370309,72,0.346184881,72_1,invertebrate,ieCloDipt1.1.fa,5,187343755,39.89,Ephemeroptera,Baetidae,Cloeon,dipterum
ieclodipt.116,3492,422099,122,0.177762727,106_2,invertebrate,ieCloDipt1.1.fa,5,187343755,39.89,Ephemeroptera,Baetidae,Cloeon,dipterum
ieecdtorr.246,10465,2562976,246,0.283816397,246_1,invertebrate,ieEcdTorr1.1.fa,11,485036935,28.5,Ephemeroptera,Heptageniidae,Ecdyonurus,torrentis
ieecdtorr.176,12483,2178290,176,0.356711226,176_2,invertebrate,ieEcdTorr1.1.fa,11,485036935,28.5,Ephemeroptera,Heptageniidae,Ecdyonurus,torrentis
ieecdtorr.128,10363,1314445,128,0.267647787,128_3,invertebrate,ieEcdTorr1.1.fa,11,485036935,28.5,Ephemeroptera,Heptageniidae,Ecdyonurus,torrentis
ieecdtorr.324,6711,2139242,320,0.28823026,342_5,invertebrate,ieEcdTorr1.1.fa,11,485036935,28.5,Ephemeroptera,Heptageniidae,Ecdyonurus,torrentis
ieprobifi.334,2640,875385,333,0.390678508,335_10,invertebrate,ieProBifi2.1.fa,5,197781101,38.33,Ephemeroptera,Baetidae,Procloeon,bifidum
ieprobifi.157,5333,833120,157,0.387900252,158_2,invertebrate,ieProBifi2.1.fa,5,197781101,38.33,Ephemeroptera,Baetidae,Procloeon,bifidum
ieprobifi.344,1773,608837,344,0.365263382,346_6,invertebrate,ieProBifi2.1.fa,5,197781101,38.33,Ephemeroptera,Baetidae,Procloeon,bifidum
ieprobifi.333,1843,611581,333,0.335382867,335_13,invertebrate,ieProBifi2.1.fa,5,197781101,38.33,Ephemeroptera,Baetidae,Procloeon,bifidum
iesipalte.340,15352,5199237,340,0.30317145,345_9,invertebrate,ieSipAlte2.1.fa,11,446182156,32.13,Ephemeroptera,Siphlonuridae,Siphlonurus,alternatus
iesipalte.174,10510,1810781,173,0.22061587,177_4,invertebrate,ieSipAlte2.1.fa,11,446182156,32.13,Ephemeroptera,Siphlonuridae,Siphlonurus,alternatus
iesipalte.175,5936,1030944,175,0.329658154,176_2,invertebrate,ieSipAlte2.1.fa,11,446182156,32.13,Ephemeroptera,Siphlonuridae,Siphlonurus,alternatus
iesipalte.766,1796,1392016,776,0.409953354,1007_4,invertebrate,ieSipAlte2.1.fa,11,446182156,32.13,Ephemeroptera,Siphlonuridae,Siphlonurus,alternatus
iesipalte.1063,503,534457,1064,0.592026205,1413_8,invertebrate,ieSipAlte2.1.fa,11,446182156,32.13,Ephemeroptera,Siphlonuridae,Siphlonurus,alternatus
ihaelacum.143,31156,4408720,143,0.305826626,154_72,invertebrate,ihAelAcum1.1.fa,8,1144246757,33.05,Hemiptera,Pentatomidae,Aelia,acuminata
ihaelacum.152,31491,4747599,152,0.325759994,155_1,invertebrate,ihAelAcum1.1.fa,8,1144246757,33.05,Hemiptera,Pentatomidae,Aelia,acuminata
ihicepurc.333,3643,1209701,333,0.357277231,287_11,invertebrate,ihIcePurc2.1.fa,2,1098446509,33.44,Hemiptera,Monophlebidae,Icerya,purchasi
iuloevari.549,10740,5894477,550,0.389184065,549_9,invertebrate,iuLoeVari1.hap1.1.fa,9,516328141,39.12,Psocodea,Psocidae,Loensia,variegata
iuloevari.137,16062,2188148,137,0.368971897,140_5,invertebrate,iuLoeVari1.hap1.1.fa,9,516328141,39.12,Psocodea,Psocidae,Loensia,variegata
iuloevari.155,5738,882652,155,0.391796802,146_8,invertebrate,iuLoeVari1.hap1.1.fa,9,516328141,39.12,Psocodea,Psocidae,Loensia,variegata
iupsogibb.166,90054,14863547,166,0.291857851,166_1,invertebrate,iuPsoGibb1.1.fa,10,404291707,38.36,Psocodea,Psocidae,Psococerastis,gibbosa
iglabmino.160,115761,18377125,160,0.194283872,161_1,invertebrate,igLabMino1.1.fa,7,599245577,26.19,Dermaptera,Spongiphoridae,Labia,minor
iglabmino.159,8576,1359735,160,0.196553546,160_3,invertebrate,igLabMino1.1.fa,7,599245577,26.19,Dermaptera,Spongiphoridae,Labia,minor
ibectpall.513,63444,32231139,509,0.334081563,562_2,invertebrate,ibEctPall1.hap1.1.fa,11,2057324107,35.37,Blattodea,Ectobiidae,Ectobius,pallidus
ibectpall.223,64343,14297115,223,0.310796191,248_4,invertebrate,ibEctPall1.hap1.1.fa,11,2057324107,35.37,Blattodea,Ectobiidae,Ectobius,pallidus
ibectpall.132,18692,2451165,132,0.304281375,129_11,invertebrate,ibEctPall1.hap1.1.fa,11,2057324107,35.37,Blattodea,Ectobiidae,Ectobius,pallidus
ibectpall.145,32721,4718907,145,0.240395683,152_5,invertebrate,ibEctPall1.hap1.1.fa,11,2057324107,35.37,Blattodea,Ectobiidae,Ectobius,pallidus
ipisogram.179,16111,2867869,179,0.374479127,179_4,invertebrate,ipIsoGram3.1.fa,14,831322058,39.98,Plecoptera,Perlodidae,Isoperla,grammatica
ipisogram.68,106692,7136788,68,0.53611368,68_2,invertebrate,ipIsoGram3.1.fa,14,831322058,39.98,Plecoptera,Perlodidae,Isoperla,grammatica
ipisogram.94,79087,7347242,94,0.446347379,94_3,invertebrate,ipIsoGram3.1.fa,14,831322058,39.98,Plecoptera,Perlodidae,Isoperla,grammatica
ipnemdubi.899,4399,3948280,899,0.721925508,1080_2,invertebrate,ipNemDubi1.1.fa,6,318192681,43.52,Plecoptera,Nemouridae,Nemoura,dubitans
iymacalbo.151,23805,3574286,151,0.3395242,152_2,invertebrate,iyMacAlbo1.1.fa,8,243741910,37.48,Hymenoptera,Tenthredinidae,Macrophya,alboannulata
iyathrosa.46,61783,2771856,46,0.444734892,46_1,invertebrate,iyAthRosa1.1.fa,8,170936952,41.33,Hymenoptera,Tenthredinidae,Athalia,rosae
iyabicand.146,105413,15269795,146,0.37894956,146_1,invertebrate,iyAbiCand1.1.fa,16,215712684,36.91,Hymenoptera,Cimbicidae,Abia,candens
iyabicand.143,47844,6793856,143,0.390643037,143_3,invertebrate,iyAbiCand1.1.fa,16,215712684,36.91,Hymenoptera,Cimbicidae,Abia,candens
iynysspin.180,3919,700246,180,0.396865986,181_7,invertebrate,iyNysSpin1.1.fa,26,231180108,37.37,Hymenoptera,Bembicidae,Nysson,spinosus
iyectcont.149,194265,28703994,149,0.436188793,149_1,invertebrate,iyEctCont1.1.fa,14,235497558,44.11,Hymenoptera,Crabronidae,Ectemnius,continuus
iyanddors.177,1519,266991,177,0.465013297,178_2,invertebrate,iyAndDors1.1.fa,3,269108231,42.69,Hymenoptera,Andrenidae,Andrena,dorsata
iylasvill.105,25605,2666915,105,0.384176789,100_14,invertebrate,iyLasVill1.1.fa,11,401825491,40.72,Hymenoptera,Halictidae,Lasioglossum,villosulum
iylasvill.138,10261,1403675,138,0.424116693,138_21,invertebrate,iyLasVill1.1.fa,11,401825491,40.72,Hymenoptera,Halictidae,Lasioglossum,villosulum
iylasvill.101,4713,729185,156,0.382323061,179_18,invertebrate,iyLasVill1.1.fa,11,401825491,40.72,Hymenoptera,Halictidae,Lasioglossum,villosulum
iylasvill.177,5012,885178,178,0.410445728,178_9,invertebrate,iyLasVill1.1.fa,11,401825491,40.72,Hymenoptera,Halictidae,Lasioglossum,villosulum
iylasvill.820,6869,5633935,821,0.376323606,1052_7,invertebrate,iyLasVill1.1.fa,11,401825491,40.72,Hymenoptera,Halictidae,Lasioglossum,villosulum
iylasvill.839,2797,2403390,860,0.422597767,1078_5,invertebrate,iyLasVill1.1.fa,11,401825491,40.72,Hymenoptera,Halictidae,Lasioglossum,villosulum
iylasvill.848,6913,5893489,854,0.405747028,1043_4,invertebrate,iyLasVill1.1.fa,11,401825491,40.72,Hymenoptera,Halictidae,Lasioglossum,villosulum
iylasvill.838,9103,7516883,827,0.497915008,1087_2,invertebrate,iyLasVill1.1.fa,11,401825491,40.72,Hymenoptera,Halictidae,Lasioglossum,villosulum
iylasvill.819,1172,958796,819,0.433591467,1015_21,invertebrate,iyLasVill1.1.fa,11,401825491,40.72,Hymenoptera,Halictidae,Lasioglossum,villosulum
iyseltumu.62,16716,1011535,62,0.500559441,57_2,invertebrate,iySelTumu1.1.fa,17,333608526,40.55,Hymenoptera,Halictidae,Seladonia,tumulorum
iyseltumu.281,9400,2628846,281,0.272527219,282_4,invertebrate,iySelTumu1.1.fa,17,333608526,40.55,Hymenoptera,Halictidae,Seladonia,tumulorum
iyseltumu.215,898,190616,213,0.455922901,217_3,invertebrate,iySelTumu1.1.fa,17,333608526,40.55,Hymenoptera,Halictidae,Seladonia,tumulorum
iycoeconi.917,49500,45486634,920,0.574001896,1105_1,invertebrate,iyCoeConi1.1.fa,12,343453480,40.27,Hymenoptera,Megachilidae,Coelioxys,conoideus
iystephae.52,108560,6883359,64,0.516332417,50_2,invertebrate,iyStePhae1.1.fa,17,244895215,38.74,Hymenoptera,Megachilidae,Stelis,phaeoptera
iybomhypn.37,175659,6128000,36,0.271334338,30_2,invertebrate,iyBomHypn1.1.fa,12,269036764,37.35,Hymenoptera,Apidae,Bombus,hypnorum
iynomfabr.100,38153,3772274,100,0.434843165,100_1,invertebrate,iyNomFabr1.1.fa,12,218401540,41.23,Hymenoptera,Apidae,Nomada,fabriciana
iymaceuro.176,18512,3237980,176,0.382291363,176_1,invertebrate,iyMacEuro1.1.fa,11,337527336,38.4,Hymenoptera,Melittidae,Macropis,europaea
iymimdahl.340,9509,3237092,341,0.482355142,348_7,invertebrate,iyMimDahl1.1.fa,18,258744608,39.86,Hymenoptera,Crabronidae,Mimumesa,dahlbomi
iypemlugu.850,26581,22577968,850,0.327908199,1021_2,invertebrate,iyPemLugu1.1.fa,5,313886327,42.52,Hymenoptera,Pemphredonidae,Pemphredon,lugubris
iypemlugu.1124,791,887498,1123,0.39030964,1421_8,invertebrate,iyPemLugu1.1.fa,5,313886327,42.52,Hymenoptera,Pemphredonidae,Pemphredon,lugubris
iypemlugu.852,18868,16052356,852,0.493934535,1058_1,invertebrate,iyPemLugu1.1.fa,5,313886327,42.52,Hymenoptera,Pemphredonidae,Pemphredon,lugubris
iypemlugu.878,4145,3634849,878,0.553270922,1183_12,invertebrate,iyPemLugu1.1.fa,5,313886327,42.52,Hymenoptera,Pemphredonidae,Pemphredon,lugubris
iypemlugu.2328,703,1647539,2345,0.505252512,4922_4,invertebrate,iyPemLugu1.1.fa,5,313886327,42.52,Hymenoptera,Pemphredonidae,Pemphredon,lugubris
iytipfemo.138,7515,1026577,138,0.423903232,138_4,invertebrate,iyTipFemo1.1.fa,12,272678743,43.8,Hymenoptera,Tiphiidae,Tiphia,femorata
iypripert.175,28605,4997024,176,0.429471069,176_4,invertebrate,iyPriPert1.1.fa,15,265837825,45.57,Hymenoptera,Pompilidae,Priocnemis,perturbator
iypripert.188,1845,347969,190,0.465421802,184_3,invertebrate,iyPriPert1.1.fa,15,265837825,45.57,Hymenoptera,Pompilidae,Priocnemis,perturbator
iypripert.228,21494,4881482,228,0.407780491,229_12,invertebrate,iyPriPert1.1.fa,15,265837825,45.57,Hymenoptera,Pompilidae,Priocnemis,perturbator
iypripert.141,12641,1780963,142,0.289357404,141_7,invertebrate,iyPriPert1.1.fa,15,265837825,45.57,Hymenoptera,Pompilidae,Priocnemis,perturbator
iyanonige.350,33919,11807943,349,0.393504962,351_2,invertebrate,iyAnoNige1.1.fa,15,277009058,45.59,Hymenoptera,Pompilidae,Anoplius,nigerrimus
iyvesvulg.2068,1243,2252883,1813,0.302622511,2068_4,invertebrate,iyVesVulg1.1.fa,25,187173957,34.6,Hymenoptera,Vespidae,Vespula,vulgaris
iyapainim.319,32353,10285040,319,0.440015484,318_1,invertebrate,iyApaInim1.hap1.1.fa,10,222561983,42.52,Hymenoptera,Ichneumonidae,Apaeleticus,inimicus
iyvulbima.149,54065,7976335,149,0.380572999,148_2,invertebrate,iyVulBima1.1.fa,13,263925780,42.34,Hymenoptera,Ichneumonidae,Vulgichneumon,bimaculatus
iyvulbima.140,75745,10514011,140,0.426350573,140_1,invertebrate,iyVulBima1.1.fa,13,263925780,42.34,Hymenoptera,Ichneumonidae,Vulgichneumon,bimaculatus
iyarmarma.148,63220,9290578,148,0.427083394,148_1,invertebrate,iyAmbArma2.1.fa,12,205830510,44.3,Hymenoptera,Ichneumonidae,Amblyteles,armatorius
iyophlute.161,21215,3395374,161,0.470604256,162_5,invertebrate,iyOphLute1.1.fa,13,639526494,38.82,Hymenoptera,Ichneumonidae,Ophion,luteus
inchrcarn.165,13418,2198659,165,0.276167683,166_1,invertebrate,inChrCarn1.1.fa,6,527653120,29.16,Neuroptera,Chrysopidae,Chrysoperla,carnea
icptemadi.156,196235,30493445,156,0.245854844,158_1,invertebrate,icPteMadi1.1.fa,19,704920005,31.76,Coleoptera,Carabidae,Pterostichus,madidus
icagofuli.493,78628,38627865,492,0.230723039,503_1,invertebrate,icAgoFuli1.1.fa,19,674904268,31.57,Coleoptera,Carabidae,Agonum,fuliginosum
icnebbrev.137,19128,2607947,137,0.299346323,139_7,invertebrate,icNebBrev1.1.fa,15,208173776,32.62,Coleoptera,Carabidae,Nebria,brevicollis
icnebsali.130,38388,5080614,133,0.304937222,139_2,invertebrate,icNebSali1.1.fa,21,224686194,32.66,Coleoptera,Carabidae,Nebria,salina
iccarprob.205,130427,26670989,205,0.339968507,210_1,invertebrate,icCarProb1.1.fa,14,246619791,34.54,Coleoptera,Carabidae,Carabus,problematicus
icocyolen.165,871960,142902161,165,0.285782904,172_1,invertebrate,icOcyOlen1.1.fa,19,1070483798,32.56,Coleoptera,Staphylinidae,Ocypus,olens
icquelate.474,6965,3297909,474,0.379661991,878_7,invertebrate,icQueLate1.hap1.1.fa,17,711833697,35.52,Coleoptera,Staphylinidae,Quedius,lateralis
icquelate.158,1175,184926,158,0.380412207,173_6,invertebrate,icQueLate1.hap1.1.fa,17,711833697,35.52,Coleoptera,Staphylinidae,Quedius,lateralis
icquelate.245,12392,3016732,244,0.308480948,255_11,invertebrate,icQueLate1.hap1.1.fa,17,711833697,35.52,Coleoptera,Staphylinidae,Quedius,lateralis
icquelate.1058,4851,5130278,1059,0.356846764,1177_5,invertebrate,icQueLate1.hap1.1.fa,17,711833697,35.52,Coleoptera,Staphylinidae,Quedius,lateralis
icquelate.698,8377,5795300,693,0.346878093,800_10,invertebrate,icQueLate1.hap1.1.fa,17,711833697,35.52,Coleoptera,Staphylinidae,Quedius,lateralis
icquelate.1569,1803,2826799,1569,0.419650793,1951_4,invertebrate,icQueLate1.hap1.1.fa,17,711833697,35.52,Coleoptera,Staphylinidae,Quedius,lateralis
icquelate.153,30184,4630961,154,0.299022293,152_2,invertebrate,icQueLate1.hap1.1.fa,17,711833697,35.52,Coleoptera,Staphylinidae,Quedius,lateralis
icquelate.172,2132,364015,172,0.308264053,175_15,invertebrate,icQueLate1.hap1.1.fa,17,711833697,35.52,Coleoptera,Staphylinidae,Quedius,lateralis
icsilatra.115,19223,2195987,115,0.433702435,120_5,invertebrate,icSilAtra2.1.fa,18,1146593402,35.84,Coleoptera,Staphylinidae,Phosphuga,atrata
icsilatra.247,39985,9824557,247,0.352875001,341_2,invertebrate,icNicInve2.1.fa,7,187150796,31.33,Coleoptera,Staphylinidae,Nicrophorus,investigator
icnicinve.179,47195,8401424,179,0.312424401,183_1,invertebrate,icScaQuad2.1.fa,12,1255163595,37.32,Coleoptera,Staphylinidae,Scaphidium,quadrimaculatum
icscaquad.92,463272,41978917,92,0.196091613,86_2,invertebrate,icScaQuad2.1.fa,12,1255163595,37.32,Coleoptera,Staphylinidae,Scaphidium,quadrimaculatum
icscaquad.109,128148,13906169,110,0.378089119,110_1,invertebrate,icScaQuad2.1.fa,12,1255163595,37.32,Coleoptera,Staphylinidae,Scaphidium,quadrimaculatum
iccetaura.168,25625,4272840,168,0.391442409,168_3,invertebrate,icCetAura1.1.fa,11,469104153,34.55,Coleoptera,Scarabaeidae,Cetonia,aurata
icchroric.13,1986884,23329103,13,0.069356771,13_1,invertebrate,icChrOric1.1.fa,22,1422628701,33.88,Coleoptera,Chrysomelidae,Chrysolina,oricalcia
iclepmacu.286,11278,3311281,295,0.33214442,277_1,invertebrate,icLepMacu1.1.fa,10,2002014795,33.69,Coleoptera,Cerambycidae,Rutpela,maculata
icpolcerv.853,5753,4901755,853,0.302709796,967_1,invertebrate,icPolCerv1.1.fa,11,713293779,32.77,Coleoptera,Curculionidae,Polydrusus,cervinus
icapocory.146,19814,2868599,146,0.239474575,147_1,invertebrate,icApoCory1.1.fa,20,422407043,32.76,Coleoptera,Attelabidae,Apoderus,coryli
icadabipu.184,79374,14515783,184,0.311379464,186_1,invertebrate,icAdaBipu1.1.fa,11,449491743,36.17,Coleoptera,Coccinellidae,Adalia,bipunctata
iccocsept.144,60547,8653772,144,0.358273522,145_1,invertebrate,icCocSept1.1.fa,10,398192398,36.41,Coleoptera,Coccinellidae,Coccinella,septempunctata
icharaxyr.274,53856,14708561,274,0.391324479,278_1,invertebrate,icHarAxyr1.1.fa,8,425274714,35.14,Coleoptera,Coccinellidae,Harmonia,axyridis
icharaxyr.197,15589,3055956,197,0.329997899,178_3,invertebrate,icHarAxyr1.1.fa,8,425274714,35.14,Coleoptera,Coccinellidae,Harmonia,axyridis
ichalsede.129,34304,4397423,129,0.364014578,132_2,invertebrate,icHalSede1.1.fa,10,901090794,35.74,Coleoptera,Coccinellidae,Halyzia,sedecimguttata
icmalbipu.129,20075,2545928,128,0.534502851,133_2,invertebrate,icMalBipu1.1.fa,10,535234349,35.49,Coleoptera,Melyridae,Malachius,bipustulatus
icrhafulv.76,938153,70335141,76,0.244312226,76_1,invertebrate,icRhaFulv1.1.fa,7,424519277,30.37,Coleoptera,Cantharidae,Rhagonycha,fulva
iccanrust.339,52219,17651892,339,0.307039694,338_2,invertebrate,icCanRust1.1.fa,7,444627916,30.94,Coleoptera,Cantharidae,Cantharis,rustica
iccanrust.145,161901,23312098,145,0.234253374,152_3,invertebrate,icCanRust1.1.fa,7,444627916,30.94,Coleoptera,Cantharidae,Cantharis,rustica
icagrcyan.150,151027,22477778,150,0.330881928,143_1,invertebrate,icAgrCyan1.1.fa,10,292338215,34.14,Coleoptera,Buprestidae,Agrilus,cyanescens
icagrcyan.172,114423,19622459,172,0.382007359,172_2,invertebrate,icAgrCyan1.1.fa,10,292338215,34.14,Coleoptera,Buprestidae,Agrilus,cyanescens
idbibmarc.100,8370,827785,100,0.261722249,100_3,invertebrate,idBibMarc1.1.fa,6,340009463,25.63,Diptera,Bibionidae,Bibio,marci
idacrorbc.422,2681,1128884,422,0.296082099,455_2,invertebrate,idAcrOrbc1.1.fa,5,214884321,27.21,Diptera,Acroceridae,Acrocera,orbiculus
idacrorbc.815,364,296172,815,0.354130463,853_7,invertebrate,idAcrOrbc1.1.fa,5,214884321,27.21,Diptera,Acroceridae,Acrocera,orbiculus
idathibis.996,13128,12125603,925,0.271906047,1125_4,invertebrate,idAthIbis2.2.fa,5,650099340,32.33,Diptera,Athericidae,Atherix,ibis
idathibis.876,99477,87015644,876,0.38055483,1056_1,invertebrate,idAthIbis2.2.fa,5,650099340,32.33,Diptera,Athericidae,Atherix,ibis
idantanth.386,97634,37731598,387,0.274002073,390_1,invertebrate,idAntAnth1.1.fa,9,294071612,25.02,Diptera,Bombyliidae,Anthrax,anthrax
idantanth.137,20990,2849573,137,0.349067629,135_4,invertebrate,idAntAnth1.1.fa,9,294071612,25.02,Diptera,Bombyliidae,Anthrax,anthrax
idantanth.2231,4887,11461959,2346,0.259036105,2312_3,invertebrate,idAntAnth1.1.fa,9,294071612,25.02,Diptera,Bombyliidae,Anthrax,anthrax
idbomdisc.141,25142,3518695,141,0.474530615,142_4,invertebrate,idBomDisc1.1.fa,6,279505365,25.77,Diptera,Bombyliidae,Bombylius,discolor
idbomdisc.93,53906,4949738,93,0.385157577,132_1,invertebrate,idBomDisc1.1.fa,6,279505365,25.77,Diptera,Bombyliidae,Bombylius,discolor
idbomdisc.97,254525,24426497,97,0.31162017,97_2,invertebrate,idBomDisc1.1.fa,6,279505365,25.77,Diptera,Bombyliidae,Bombylius,discolor
idmacatri.138,2789,381153,138,0.34342795,139_2,invertebrate,idMacAtri3.1.fa,6,264848469,36.11,Diptera,Asilidae,Machimus,atricapillus
idclutigr.193,1201608,230058131,192,0.366964794,196_1,invertebrate,idCluTigr1.1.fa,5,1060759287,38.57,Diptera,Clusiidae,Clusia,tigrina
idclutigr.118,332836,38923729,118,0.573604451,116_5,invertebrate,idCluTigr1.1.fa,5,1060759287,38.57,Diptera,Clusiidae,Clusia,tigrina
idhydcyrt.131,137191,17826284,131,0.353200546,124_1,invertebrate,idHydCyrt1.1.fa,6,574196547,35.14,Diptera,Muscidae,Hydrotaea,cyrtoneurina
idpolamen.164,10828,1759847,164,0.30731697,168_4,invertebrate,idPolAmen1.1.fa,6,1268449752,30.68,Diptera,Polleniidae,Pollenia,amentaria
idepisucc.160,136694,21757988,160,0.32565146,158_1,invertebrate,idEpiSucc1.1.fa,7,396435886,32.77,Diptera,Tachinidae,Epicampocera,succincta
idepisucc.194,33497,6414198,192,0.23828985,199_5,invertebrate,idEpiSucc1.1.fa,7,396435886,32.77,Diptera,Tachinidae,Epicampocera,succincta
idepisucc.165,25133,4104359,164,0.383035255,170_4,invertebrate,idEpiSucc1.1.fa,7,396435886,32.77,Diptera,Tachinidae,Epicampocera,succincta
idepisucc.106,10535,1108643,106,0.224443481,91_8,invertebrate,idEpiSucc1.1.fa,7,396435886,32.77,Diptera,Tachinidae,Epicampocera,succincta
idgymrotn.172,19757,3298214,168,0.336263647,189_5,invertebrate,idGymRotn1.1.fa,6,756257083,30.22,Diptera,Tachinidae,Gymnosoma,rotundatum
idgymrotn.379,6695,2530515,379,0.283111227,397_4,invertebrate,idGymRotn1.1.fa,6,756257083,30.22,Diptera,Tachinidae,Gymnosoma,rotundatum
idbelpand.62,50662,3110947,62,0.135155972,67_1,invertebrate,idBelPand1.1.fa,6,603783692,30.25,Diptera,Calliphoridae,Bellardia,pandia
idphymeln.200,6743,1345148,200,0.273040415,186_7,invertebrate,idPhyMeln1.1.fa,6,739693557,30.14,Diptera,Calliphoridae,Phyto,melanocephala
idphymeln.180,15946,2856243,180,0.330593262,186_1,invertebrate,idPhyMeln1.1.fa,6,739693557,30.14,Diptera,Calliphoridae,Phyto,melanocephala
idphymeln.164,4201,684016,164,0.327147177,166_8,invertebrate,idPhyMeln1.1.fa,6,739693557,30.14,Diptera,Calliphoridae,Phyto,melanocephala
idproazur.109,53492,5781235,109,0.267116213,104_3,invertebrate,idProAzur1.1.fa,7,873782523,27.73,Diptera,Calliphoridae,Protocalliphora,azurea
idproazur.186,42950,7948055,186,0.327279974,189_1,invertebrate,idProAzur1.1.fa,7,873782523,27.73,Diptera,Calliphoridae,Protocalliphora,azurea
iilimauri.164,67393,10940624,163,0.368417403,169_1,invertebrate,iiLimAuri1.1.fa,30,970013784,34.13,Trichoptera,Limnephilidae,Limnephilus,auricula
iilimmarm.205,61594,12579320,205,0.362681169,166_3,invertebrate,iiLimMarm1.1.fa,30,1628920020,35.73,Trichoptera,Limnephilidae,Limnephilus,marmoratus
iilimrhom.187,24055,4464946,187,0.36230038,161_5,invertebrate,iiLimRhom1.1.fa,30,1572227076,35.55,Trichoptera,Limnephilidae,Limnephilus,rhombicus
iilimluna.250,41449,10283505,249,0.35249575,353_2,invertebrate,iiLimLuna2.1.fa,13,1254937204,35,Trichoptera,Limnephilidae,Limnephilus,lunatus
ilpienapi.647,4130,2666618,647,0.36793546,667_2,invertebrate,ilPieNapi4.1.fa,25,319186821,34.03,Lepidoptera,Pieridae,Pieris,napi
ilpienapi.84,44076,3644012,84,0.478327055,79_1,invertebrate,ilPieNapi4.1.fa,25,319186821,34.03,Lepidoptera,Pieridae,Pieris,napi
tzbugstol.227,13057,2949537,227,0.285681951,228_1,invertebrate,tzBugStol2.1.fa,11,234633288,36.99,Bryozoa,Cheilostomatida,Bugulina,stolonifera
tzbugstol.392,3258,1275348,392,0.385218106,394_3,invertebrate,tzBugStol2.1.fa,11,234633288,36.99,Bryozoa,Cheilostomatida,Bugulina,stolonifera
tzmemmemb.334,27483,9155066,334,0.407301793,335_1,invertebrate,tzMemMemb1.1.fa,11,339205801,38.01,Bryozoa,Cheilostomatida,Membranipora,membranacea
tnlinlong.152,11432,1723935,152,0.460729697,152_2,invertebrate,tnLinLong1.2.fa,19,390429616,41.41,Nemertea,Heteronemertea,Lineus,longissimus
wplepclav.211,6276,1323437,212,0.475440248,283_1,invertebrate,wpLepClav1.1.fa,18,999623419,40.71,Annelida,Phyllodocida,Lepidonotus,clava
wplepclav.356,5522,1963573,357,0.470881725,358_2,invertebrate,wpLepClav1.1.fa,18,999623419,40.71,Annelida,Phyllodocida,Lepidonotus,clava
wpalivire.263,13805,3619838,263,0.491663962,278_3,invertebrate,wpAliVire1.1.fa,14,670984160,37.61,Annelida,Phyllodocida,Alitta,virens
wpalivire.465,8031,3728329,465,0.516094999,652_5,invertebrate,wpAliVire1.1.fa,14,670984160,37.61,Annelida,Phyllodocida,Alitta,virens
wpalivire.131,28056,3659384,131,0.317704657,124_10,invertebrate,wpAliVire1.1.fa,14,670984160,37.61,Annelida,Phyllodocida,Alitta,virens
wpalivire.83,19816,1616615,83,0.437501628,84_16,invertebrate,wpAliVire1.1.fa,14,670984160,37.61,Annelida,Phyllodocida,Alitta,virens
xblimfort.33,206166,6590873,33,0.282447637,34_1,invertebrate,xbLimFort5.1.fa,15,1325465116,33.59,Mollusca,Mytilida,Limnoperna,fortunei
xggibmagu.217,69876,15080266,217,0.363889681,218_2,invertebrate,xgGibMagu1.1.fa,18,1463329951,36.47,Mollusca,Trochida,Gibbula,magus
ocsyccili.362,22629,8165921,362,0.441128753,367_1,invertebrate,ocSycCili1.1.fa,13,529569939,47.31,Porifera,Leucosolenida,Sycon,ciliatum
ocsyccili.130,3414,439445,130,0.498637858,135_7,invertebrate,ocSycCili1.1.fa,13,529569939,47.31,Porifera,Leucosolenida,Sycon,ciliatum
jahalocto.58,52420,3007867,58,0.321852284,59_1,invertebrate,jrHalOcto1.1.fa,9,257392333,33.84,Cnidaria,Stauromedusae,Haliclystus,octoradiatus
jaricflor.592,27880,16466560,592,0.347748177,595_1,invertebrate,jaRicFlor1.1.fa,16,540551335,38.47,Cnidaria,Corallimorpharia,Ricordea,florida
jadialine.151,6232,931594,150,0.278006118,152_1,invertebrate,jaDiaLine6.1.fa,16,299848564,35.3,Cnidaria,Actiniaria,Diadumene,lineata
janemvect.541,13281,7167277,541,0.352357941,546_1,invertebrate,jaNemVect1.1.fa,15,268587961,40.72,Cnidaria,Actiniaria,Nematostella,vectensis
eamarglac.487,30679,14917743,487,0.50340947,484_1,invertebrate,eaMarGlac1.2.fa,22,516080225,39.46,Echinodermata,Asteroidea,Marthasterias,glacialis
kaaplturb.162,85503,13807156,162,0.21425119,156_1,chordate,kaAplTurb1.1.fa,18,605415736,37.6,Tunicata,Ascidiacea,Aplidium,turbinatum
falosap.174,34536,5967898,174,0.275992443,172_1,chordate,fAloSap1.1.fa,24,897979527,42.98,Actinopterygii,Clupeiformes,Alosa,sapidissima
fbarbab.255,37755,9572943,255,0.339536187,254_1,chordate,fBarBab1.1.fa,50,1580796296,37.88,Actinopterygii,Cypriniformes,Barbus,barbus
fdanrer.185,80307,14804948,185,0.349559721,186_2,chordate,fDanRer4.1.fa,25,1411521271,37.07,Actinopterygii,Cypriniformes,Danio,rerio
ftratra.188,6659,1199732,181,0.409308253,190_3,chordate,fTraTra1.2.fa,24,790723879,41.94,Actinopterygii,Carangiformes,Trachurus,trachurus
ftaubub.185,28595,5275162,185,0.351308958,186_1,chordate,fTauBub2.1.fa,21,614935197,42.21,Actinopterygii,Perciformes,Taurulus,bubalis
fphogun.191,2907,551614,191,0.359046917,186_6,chordate,fPhoGun1.2.fa,24,585911863,42.25,Actinopterygii,Perciformes,Pholis,gunnellus
fthualb.126,7328,913210,126,0.453614184,127_4,chordate,fThuAlb1.1.fa,24,789894810,39.72,Actinopterygii,Scombriformes,Thunnus,albacares
fthumac.126,2582,323435,126,0.393931601,127_6,chordate,fThuMac1.1.fa,24,777694220,39.7,Actinopterygii,Scombriformes,Thunnus,maccoyii
bcorhaw.1398,12791,17904812,1401,0.556600721,1451_1,chordate,bCorHaw1.1.fa,43,1130345552,43.01,Aves,Passeriformes,Corvus,hawaiiensis
bcorhaw.917,3603,3279836,911,0.525610201,1104_6,chordate,bCorHaw1.1.fa,43,1130345552,43.01,Aves,Passeriformes,Corvus,hawaiiensis
bporhoc.190,70741,13398717,190,0.499508287,191_1,chordate,bPorHoc1.1.fa,34,1205419206,43.36,Aves,Gruiformes,Porphyrio,hochstetteri
baccgen.172,112507,19378558,173,0.546691416,173_1,chordate,bAccGen1.1.fa,40,1267667460,42.56,Aves,Accipitriformes,Accipiter,gentilis
bfalper.174,58861,10180056,174,0.50101383,174_2,chordate,bFalPer1.1.fa,23,1216967975,42.24,Aves,Falconiformes,Falco,peregrinus
bfalbia.174,27005,4671788,174,0.498123079,174_1,chordate,bFalBia1.1.fa,24,1200130249,42.17,Aves,Falconiformes,Falco,biarmicus
bfalche.174,137248,23736679,174,0.501127717,174_1,chordate,bFalChe1.1.fa,24,1215074843,42.41,Aves,Falconiformes,Falco,cherrug
bgalgal.42,21867,942297,44,0.386718828,42_1,chordate,bGalGal1.GRCg7b.fa,41,1041122857,41.95,Aves,Galliformes,Gallus,gallus
blagmut.2081,947,1988875,2101,0.40076585,2561_3,chordate,bLagMut1.1.fa,40,1013513749,41.51,Aves,Galliformes,Lagopus,muta
rviplat.168,50688,8454551,168,0.407313926,168_2,chordate,rVipLat1.1.fa,18,1620131368,40.87,Reptilia,Serpentes,Vipera,latastei
melemax.846,32556,27520803,846,0.535322244,848_2,chordate,mEleMax1.1.fa,29,3369292286,41.07,Mammalia,Elephantidae,Elephas,maximus
mlemcat.40,806044,31621978,40,0.47359424,41_1,chordate,mLemCat1.1.fa,29,2172678573,41.12,Mammalia,Lemuridae,Lemur,catta
mdicbic.228,335103,75988330,228,0.394144142,228_1,chordate,mDicBic1.1.fa,42,2609253203,40.94,Mammalia,Rhinocerotidae,Diceros,bicornis
mcanlor.735,22116,16217138,734,0.508414218,738_1,chordate,mCanLor1.2.fa,40,2417703804,41.38,Mammalia,Canidae,Canis,lupus
mmelmel.143,87864,12390510,142,0.473633975,138_1,chordate,mMelMel3.2.fa,23,2606051894,42.01,Mammalia,Mustelidae,Meles,meles
morcroc.167,89516,14824247,167,0.572367451,168_1,chordate,mOrcOrc1.1.fa,22,2482232656,41.6,Mammalia,Delphinidae,Orcinus,orca
morcroc.535,11123,5942782,535,0.571409851,593_2,chordate,mOrcOrc1.1.fa,22,2482232656,41.6,Mammalia,Delphinidae,Orcinus,orca
mcerela.795,224055,177985498,795,0.541107281,796_1,chordate,mCerEla1.1.fa,34,2771818003,42.6,Mammalia,Cervidae,Cervus,elaphus
mrhisin.880,42165,37062173,880,0.510079363,1055_1,chordate,mRhiSin1.1.fa,18,2309334437,41.53,Mammalia,Rhinolophidae,Rhinolophus,sinicus
mrhisin.4778,6187,29523575,4773,0.488889249,5437_3,chordate,mRhiSin1.1.fa,18,2309334437,41.53,Mammalia,Rhinolophidae,Rhinolophus,sinicus
mrhisin.1051,7129,7527856,1057,0.45601068,1282_5,chordate,mRhiSin1.1.fa,18,2309334437,41.53,Mammalia,Rhinolophidae,Rhinolophus,sinicus
mrhisin.1397,587,819447,1397,0.509130373,1465_10,chordate,mRhiSin1.1.fa,18,2309334437,41.53,Mammalia,Rhinolophidae,Rhinolophus,sinicus
mrhisin.2100,5670,9563955,1688,0.445688624,5145_4,chordate,mRhiSin1.1.fa,18,2309334437,41.53,Mammalia,Rhinolophidae,Rhinolophus,sinicus
laaliplan.495,4223,2091021,496,0.379558013,538_5,planta,laAliPlan1.1.fa,7,9358377961,38.06,Monocots,Alismatales,Alisma,plantago-aquatica
laapodist.206,259867,53264786,206,0.475124802,208_17,planta,laApoDist1.hap1.1.fa,18,4284678780,40.32,Monocots,Alismatales,Aponogeton,distachyos
lapotnata.143,39033,5555228,143,0.570451116,145_7,planta,laPotNata1.hap1.1.fa,25,566936711,37.29,Monocots,Alismatales,Potamogeton,natans
latrimari.1120,8357,9349950,1120,0.4891313,1187_3,planta,laTriMari1.1.fa,24,1055183918,40.02,Monocots,Alismatales,Triglochin,maritima
latrimari.2663,7791,20764574,2666,0.411337846,5591_21,planta,laTriMari1.1.fa,24,1055183918,40.02,Monocots,Alismatales,Triglochin,maritima
lsirifoet.434,281687,122004277,434,0.281960776,448_2,planta,lsIriFoet1.hap1.1.fa,20,6845016923,40.5,Monocots,Asparagales,Iris,foetidissima
lpdigsang.176,62196,10872574,176,0.48255525,178_2,planta,lpDigSang1.hap1.1.fa,18,896995560,45.76,Monocots,Poales,Digitaria,sanguinalis
lpdigsang.156,42551,6587758,156,0.440772655,159_1,planta,lpDigSang1.hap1.1.fa,18,896995560,45.76,Monocots,Poales,Digitaria,sanguinalis
lpleeoryz.107,96980,10277557,107,0.447827546,101_2,planta,lpLeeOryz1.hap1.1.fa,24,756775504,44.71,Monocots,Poales,Leersia,oryzoides
lpphlprat.83,150363,12310449,83,0.381278799,83_3,planta,lpPhlPrat1.hap1.1.fa,7,1368575460,45.75,Monocots,Poales,Phleum,pratense
lpjuneffu.152,131167,19799845,152,0.282745221,147_1,planta,lpJunEffu1.1.fa,21,238972964,32.79,Monocots,Poales,Juncus,effusus
lpjuneffu.167,19603,3255968,167,0.246916681,182_5,planta,lpJunEffu1.1.fa,21,238972964,32.79,Monocots,Poales,Juncus,effusus
lpjuneffu.357,13173,4689960,357,0.356970561,365_4,planta,lpJunEffu1.1.fa,21,238972964,32.79,Monocots,Poales,Juncus,effusus
lpjunbufo.153,627881,95643174,153,0.297335189,155_1,planta,lpJunBufo1.hap1.1.fa,53,757351878,33.44,Monocots,Poales,Juncus,bufonius
lpjunsqua.158,157934,24806576,158,0.464686305,155_2,planta,lpJunSqua1.hap1.1.fa,20,318470165,36.71,Monocots,Poales,Juncus,squarrosus
lpelequin.82,483017,39162022,82,0.338484137,80_1,planta,lpEleQuin1.1.fa,67,495377314,34.8,Monocots,Poales,Eleocharis,quinqueflora
lpcypfusc.244,6242,1518286,244,0.383361266,325_1,planta,lpCypFusc1.hap1.1.fa,18,221969790,34.37,Monocots,Poales,Cyperus,fuscus
lpschlacu.179,45706,8155305,179,0.25437493,183_4,planta,lpSchLacu1.fa,20,479915302,33.18,Monocots,Poales,Schoenoplectus,lacustris
lpschlacu.58,30465,1732094,58,0.550069902,58_10,planta,lpSchLacu1.fa,20,479915302,33.18,Monocots,Poales,Schoenoplectus,lacustris
lpschltriq.181,121202,21804540,181,0.262285912,183_2,planta,lpSchTriq1.1.fa,21,573013785,35.88,Monocots,Poales,Schoenoplectus,triqueter
lpschltriq.58,976109,55563677,58,0.594237151,58_1,planta,lpSchTriq1.1.fa,21,573013785,35.88,Monocots,Poales,Schoenoplectus,triqueter
lpschltabe.181,115967,20885090,181,0.258088336,183_3,planta,lpSchTabe1.hap1.1.fa,21,520198065,33.42,Monocots,Poales,Schoenoplectus,tabernaemontani
lpschltabe.58,157835,8980906,58,0.562585388,58_1,planta,lpSchTabe1.hap1.1.fa,21,520198065,33.42,Monocots,Poales,Schoenoplectus,tabernaemontani
lpcardepa.81,204120,16266283,81,0.385606019,81_2,planta,lpCarDepa1.1.fa,22,699853091,35.57,Monocots,Poales,Carex,depauperata
lperiangu.33,158219,5021007,33,0.404344261,31_5,planta,lpEriAngu1.1.fa,29,428626078,35.79,Monocots,Poales,Eriophorum,angustifolium
lpscisylv.32,20426,627934,32,0.382129247,31_4,planta,lpSciSylv1.hap1.1.fa,31,320572876,34.79,Monocots,Poales,Scirpus,sylvaticus
lpluzpall.125,458803,56760876,125,0.30491806,125_3,planta,lpLuzPall1.1.fa,6,337662232,33.32,Monocots,Poales,Luzula,pallescens
lpluzpall.104,182800,18827798,104,0.365368415,104_2,planta,lpLuzPall1.1.fa,6,337662232,33.32,Monocots,Poales,Luzula,pallescens
lpluzsylv.125,449648,55980831,125,0.284513832,124_1,planta,lpLuzSylv1.1.fa,6,430670785,32.04,Monocots,Poales,Luzula,sylvatica
lpluzsylv.174,166671,28780772,174,0.241304927,174_2,planta,lpLuzSylv1.1.fa,6,430670785,32.04,Monocots,Poales,Luzula,sylvatica
dmthaminu.179,548156,97714769,179,0.346210234,180_1,planta,dmThaMinu1.hap1.1.fa,21,956769253,35.92,Dicots,Ranunculales,Thalictrum,minus
dmaquvulg.329,51495,16877993,329,0.428965095,331_1,planta,dmAquVulg1.hap1.1.fa,7,292563876,37.1,Dicots,Ranunculales,Aquilegia,vulgaris
dmbervulg.180,709899,126847914,180,0.405254864,179_1,planta,dmBerVulg1.1.fa,14,1285247151,38.47,Dicots,Ranunculales,Berberis,vulgaris
dcpolavic.177,51994,9163538,177,0.346482714,172_1,planta,dcPolAvic1.1.fa,10,344772133,39.32,Dicots,Caryophyllales,Polygonum,aviculare
dcspemari.175,186350,32396919,175,0.309889863,178_1,planta,dcSpeMari1.1.fa,18,492047008,37.23,Dicots,Caryophyllales,Spergularia,marina
dcmoetrin.169,314100,52656997,169,0.249783576,169_1,planta,dcMoeTrin1.hap1.1.fa,12,1229603558,36.3,Dicots,Caryophyllales,Moehringia,trinervia
dcareserp.169,146273,24596822,169,0.335928906,170_2,planta,dcAreSerp1.hap1.1.fa,20,709948659,35.62,Dicots,Caryophyllales,Arenaria,serpyllifolia
dcpoltetr.375,46178,17281914,375,0.333012336,382_3,planta,dcPolTetr1.hap1.1.fa,32,1250027411,36.82,Dicots,Caryophyllales,Polycarpon,tetraphyllum
dcpoltetr.136,67564,9134485,136,0.323353113,138_4,planta,dcPolTetr1.hap1.1.fa,32,1250027411,36.82,Dicots,Caryophyllales,Polycarpon,tetraphyllum
dcpoltetr.449,8372,3746516,449,0.324114555,429_2,planta,dcPolTetr1.hap1.1.fa,32,1250027411,36.82,Dicots,Caryophyllales,Polycarpon,tetraphyllum
dcastglyc.166,88737,14595147,165,0.376544067,171_1,planta,drAstGlyc1.1.fa,8,678299607,36.82,Dicots,Fabales,Astragalus,glycyphyllos
drmedarab.169,56484,9461576,169,0.30948542,169_1,planta,drMedArab1.1.fa,8,511136221,33.88,Dicots,Fabales,Medicago,arabica
drtrifrag.345,4989,1716440,345,0.306540148,348_8,planta,drTriFrag1.1.fa,8,511654535,33.69,Dicots,Fabales,Trifolium,fragiferum
drtrifrag.580,4006,2319780,580,0.294799228,683_9,planta,drTriFrag1.1.fa,8,511654535,33.69,Dicots,Fabales,Trifolium,fragiferum
drtrifrag.182,8628,1564859,182,0.330025954,183_4,planta,drTriFrag1.1.fa,8,511654535,33.69,Dicots,Fabales,Trifolium,fragiferum
drtrifrag.621,2209,1368596,621,0.331182607,626_1,planta,drTriFrag1.1.fa,8,511654535,33.69,Dicots,Fabales,Trifolium,fragiferum
drtrifrag.163,17101,2772671,163,0.533897381,166_3,planta,drTriFrag1.1.fa,8,511654535,33.69,Dicots,Fabales,Trifolium,fragiferum
dhquerobu.146,167213,24217418,146,0.335471694,146_1,planta,dhQueRobu3.1.fa,12,784363130,35.56,Dicots,Fagales,Quercus,robur
dhcorcolu.306,95770,29164874,306,0.473770785,306_1,planta,dhCorColu1.hap1.1.fa,11,373487413,36.87,Dicots,Fagales,Corylus,colurna
drparjuda.357,46759,16650860,357,0.304735451,359_2,planta,drParJuda1.1.fa,13,531872878,37.05,Dicots,Rosales,Parietaria,judaica
drpotanse.155,24677,3675124,150,0.353741824,150_1,planta,drPotAnse1.1.fa,7,208315276,38.01,Dicots,Rosales,Potentilla,anserina
drroscani.158,261308,41133018,158,0.338629393,130_3,planta,rosCan_S27_v1.fasta.F2B.ChrOnly.fa,35,2414078640,39.03,Dicots,Rosales,Rosa,canina
drgeuriva.159,235532,37296954,159,0.346572138,159_1,planta,drGeuRiva1.hap1.1.fa,21,1026047559,39.68,Dicots,Rosales,Geum,rivale
drchaangu.216,260697,57029272,220,0.297421628,216_3,planta,drChaAngu1.1.fa,18,633522186,37.23,Dicots,Myrtales,Chamaenerion,angustifolium
drchaangu.435,2924,1268850,435,0.301386387,436_15,planta,drChaAngu1.1.fa,18,633522186,37.23,Dicots,Myrtales,Chamaenerion,angustifolium
drchaangu.887,7658,6783268,887,0.348408378,887_5,planta,drChaAngu1.1.fa,18,633522186,37.23,Dicots,Myrtales,Chamaenerion,angustifolium
drchaangu.1204,992,1192904,1204,0.389920068,1219_20,planta,drChaAngu1.1.fa,18,633522186,37.23,Dicots,Myrtales,Chamaenerion,angustifolium
drchaangu.1348,4770,6425325,1348,0.3287192,1368_11,planta,drChaAngu1.1.fa,18,633522186,37.23,Dicots,Myrtales,Chamaenerion,angustifolium
drchaangu.1771,3527,6244246,1771,0.3481593,1825_8,planta,drChaAngu1.1.fa,18,633522186,37.23,Dicots,Myrtales,Chamaenerion,angustifolium
drchaangu.1170,2835,3314436,1170,0.358562704,1204_10,planta,drChaAngu1.1.fa,18,633522186,37.23,Dicots,Myrtales,Chamaenerion,angustifolium
drchaangu.1064,1520,1616289,1064,0.314229723,1090_41,planta,drChaAngu1.1.fa,18,633522186,37.23,Dicots,Myrtales,Chamaenerion,angustifolium
drchaangu.1499,1589,2379622,1499,0.350841279,1546_9,planta,drChaAngu1.1.fa,18,633522186,37.23,Dicots,Myrtales,Chamaenerion,angustifolium
ddbarvulg.383,39724,15170279,383,0.376739487,410_2,planta,ddBarVulg1.1.fa,8,245431741,37.82,Dicots,Brassicales,Barbarea,vulgaris
ddarathal.178,79791,14088984,178,0.377030403,178_1,planta,ddAraThal4.1.fa,5,136757799,36.38,Dicots,Brassicales,Arabidopsis,thaliana
ddpopnigr.143,35632,5075708,143,0.494666705,144_2,planta,ddPopNigr1.1.fa,19,413104843,34.95,Dicots,Malpighiales,Populus,nigra
ddpopnigr.208,8407,1743150,208,0.370755934,212_3,planta,ddPopNigr1.1.fa,19,413104843,34.95,Dicots,Malpighiales,Populus,nigra
ddpopnigr.70,20659,1418498,70,0.554242419,70_4,planta,ddPopNigr1.1.fa,19,413104843,34.95,Dicots,Malpighiales,Populus,nigra
ddpopnigr.196,1390,271679,196,0.458206284,213_10,planta,ddPopNigr1.1.fa,19,413104843,34.95,Dicots,Malpighiales,Populus,nigra
ddpopnigr.235,2992,699802,235,0.445816133,213_7,planta,ddPopNigr1.1.fa,19,413104843,34.95,Dicots,Malpighiales,Populus,nigra
ddeuppepu.156,131031,20311620,156,0.421972635,159_1,planta,ddEupPepu3.1.fa,8,276816529,35.48,Dicots,Malpighiales,Euphorbia,peplus
ddmerannu.93,154513,14143411,93,0.40202842,99_2,planta,ddMerAnnu1.1.fa,8,447674853,33.66,Dicots,Malpighiales,Mercurialis,annua
drhedheli.159,45101,7108273,159,0.361331536,160_1,planta,drHedHeli1.1.fa,24,1196889883,32.63,Dicots,Apiales,Hedera,helix
ddhotpalu.167,138338,22973121,167,0.424772419,168_3,planta,ddHotPalu2.hap1.1.fa,11,1957791860,35.82,Dicots,Ericales,Hottonia,palustris
datanvulg.174,13703,2369055,174,0.324567582,179_19,planta,daTanVulg1.hap1.1.fa,9,4477225170,35.92,Dicots,Asterales,Tanacetum,vulgare
daarcminu.153,28144,4290816,153,0.377854861,157_3,planta,daArcMinu1.1.fa,18,1902128499,36.53,Dicots,Asterales,Arctium,minus
daarcminu.417,2104,875216,417,0.327140918,450_4,planta,daArcMinu1.1.fa,18,1902128499,36.53,Dicots,Asterales,Arctium,minus
dalyceuro.296,4259,1257193,296,0.369897251,298_3,planta,daLycEuro1.1.fa,11,394601287,38.06,Dicots,Lamiales,Lycopus,europaeus
dalyceuro.779,795,618396,779,0.360612478,807_4,planta,daLycEuro1.1.fa,11,394601287,38.06,Dicots,Lamiales,Lycopus,europaeus
dalyceuro.512,2996,1530907,512,0.600169805,513_1,planta,daLycEuro1.1.fa,11,394601287,38.06,Dicots,Lamiales,Lycopus,europaeus
dalyceuro.984,614,603838,984,0.402314577,1054_3,planta,daLycEuro1.1.fa,11,394601287,38.06,Dicots,Lamiales,Lycopus,europaeus
dascugale.125,171015,21127231,125,0.286180084,124_1,planta,daScuGale1.1.fa,15,327661284,33.34,Dicots,Lamiales,Scutellaria,galericulata
dabalnigr.86,52529,4451440,86,0.245054079,86_2,planta,daBalNigr1.1.fa,11,1186648255,37.54,Dicots,Lamiales,Ballota,nigra
damisoron.129,31645,4057625,129,0.361155221,123_2,planta,daMisOron1.1.fa,8,359811040,35.7,Dicots,Lamiales,Misopates,orontium
dalinvulg.250,54418,13507606,249,0.361188753,266_9,planta,daLinVulg1.1.fa,6,756312191,38.06,Dicots,Lamiales,Linaria,vulgaris
dashearve.39,70715,2670374,39,0.305629175,39_2,planta,daSheArve1.1.fa,11,440939310,38.37,Dicots,Gentianales,Sherardia,arvensis