tip	architecture	used
pEimTen1.1	Monocentric sequence unknown	PRUNED
pxEimPrae1.1	Unknown	PRUNED
fTauBub2.1	Satellite	Sat
fPhoGun1.2	Satellite	Sat
fTraTra1.2	Satellite	Sat
fThuMac1.1	Satellite	Sat
fThuAlb1.1	Satellite	Sat
fToxJac2.1	Satellite/transposon	PRUNED
fTelBon1.1	Unknown	PRUNED
fPanHyp1.1	Monocentric sequence unknown	PRUNED
fBarBab1.1	Satellite	Sat
fDanRer4.1	Satellite	Sat
fAloSap1.1	Satellite	Sat
fAciRut3.2	Satellite/transposon	PRUNED
bTaeGut1.4	Satellite	Sat
bCorHaw1.1	Satellite	Sat
bAccGen1.1	Satellite	Sat
bPorHoc1.1	Satellite	Sat
bFalPer1.1	Satellite	Sat
bFalBia1.1	Satellite	Sat
bFalChe1.1	Satellite	Sat
bLagMut1.1	Satellite	Sat
bGalGal1.GRCg7b	Satellite	Sat
rVipLat1.1	Satellite	Sat
mEleMax1.1	Satellite	Sat
mCanLor1.2	Satellite	Sat
mMelMel3.2	Satellite	Sat
mDicBic1.1	Satellite	Sat
mOrcOrc1.1	Satellite	Sat
mCerEla1.1	Satellite	Sat
mLemCat1.1	Satellite	Sat
kaAplTurb1.1	Satellite	Sat
eaMarGlac1.2	Satellite	Sat
iyTipFemo1.1	Satellite	Sat
iyPriPert1.1	Satellite	Sat
iyAnoNige1.1	Satellite	Sat
iyCerRyby1.1	Transposon	Trans
iyPemLugu1.1	Satellite	Sat
iyMimDahl1.1	Satellite	Sat
iySelTumu1.1	Satellite/transposon	PRUNED
iyLasVill1.1	Satellite	Sat
iyAndDors1.1	Satellite/transposon	PRUNED
iyStePhae1.1	Satellite	Sat
iyCoeConi1.1	Satellite	Sat
iyNomFabr1.1	Satellite	Sat
iyBomHypn1.1	Satellite	Sat
iyMacEuro1.1	Satellite	Sat
iyNysSpin1.1	Satellite	Sat
iyEctCont1.1	Satellite	Sat
iyVesVulg1.1	Satellite	Sat
iyAncNigr1.1	Transposon	Trans
iyBuaLabo1.1	Satellite/transposon	PRUNED
iyAmbArma2.1	Satellite	Sat
iyVulBima1.1	Satellite	Sat
iyApaInim1.hap1.1	Satellite	Sat
iyOphLute1.1	Satellite	Sat
iyMacAlbo1.1	Satellite	Sat
iyRhoChlo1.1	Transposon	Trans
iyAbiCand1.1	Satellite	Sat
iyAthRosa1.1	Satellite	Sat
idEpiSucc1.1	Satellite	Sat
idTacFera2.1	Transposon	Trans
idGymRotn1.1	Satellite	Sat
idPolAmen1.1	Satellite	Sat
idBelPand1.1	Satellite	Sat
idMelRora1.1	Transposon	Trans
idPhyMeln1.1	Satellite	Sat
idProAzur1.1	Satellite	Sat
idStoLuna1.1	Transposon	Trans
idSarRose1.1	Transposon	Trans
idHydCyrt1.1	Satellite	Sat
idCluTigr1.1	Satellite	Sat
idPheCory1.1	Transposon	Trans
idSicFerr1.1	Transposon	Trans
idSyrPipi1.1	Transposon	Trans
idSphTaen1.1	Transposon	Trans
idPamGerm1.hap1.1	Transposon	Trans
idMacAtri3.1	Satellite	Sat
idAntAnth1.1	Satellite	Sat
idBomDisc1.1	Satellite	Sat
idAthIbis2.2	Satellite	Sat
idAcrOrbc1.1	Satellite	Sat
idBibMarc1.1	Satellite	Sat
idNepFlae1.1	Transposon	Trans
ilPieNapi4.1	Holocentric	H
ilParAegt1.1	Holocentric	H
ilPyrMalv3.1	Holocentric	H
ilZeuPyri1.1	Holocentric	H
ilParStra1.1	Holocentric	H
ilSesBemb1.1	Holocentric	H
ilHydMica1.1	Holocentric	H
ilThoDeci1.1	Holocentric	H
ilDeiPorc1.1	Holocentric	H
ilBisBetu1.1	Holocentric	H
ilWatBina1.1	Holocentric	H
ilAgoAren1.1	Holocentric	H
ilEmmMono1.1	Holocentric	H
ilNotUddm1.1	Holocentric	H
ilYpsScab1.1	Holocentric	H
ilTinTrin1.1	Holocentric	H
ilMicArun2.1	Holocentric	H
iiLimMarm1.1	Holocentric	H
iiLimRhom1.1	Holocentric	H
iiLimLuna2.1	Holocentric	H
iiGlyPell1.1	Holocentric	H
iiLimAuri1.1	Holocentric	H
icNebSali1.1	Satellite	Sat
icNebBrev1.1	Satellite	Sat
icLeiSpin1.1	Transposon	Trans
icCarProb1.1	Satellite	Sat
icPteMadi1.1	Satellite	Sat
icAgoFuli1.1	Satellite	Sat
icOphArdo1.1	Transposon	Trans
icCanRust1.1	Satellite	Sat
icPodAlpi1.1	Unknown	PRUNED
icRhaFulv1.1	Satellite/transposon	PRUNED
icAgrMuri1.1	Unknown	PRUNED
icAgrCyan1.1	Satellite	Sat
icChrOric1.1	Satellite	Sat
icLepMacu1.1	Satellite	Sat
icPolCerv1.1	Satellite/transposon	PRUNED
icApoCory1.1	Satellite	Sat
icMalBipu1.1	Satellite	Sat
icHalSede1.1	Satellite	Sat
icAdaBipu1.1	Satellite	Sat
icCocSept1.1	Satellite	Sat
icHarAxyr1.1	Satellite	Sat
icPyrSerr1.1	Transposon	Trans
icQueLate1.hap1.1	Satellite	Sat
icPhiCogn1.1	Transposon	Trans
icOcyOlen1.1	Satellite	Sat
icSilAtra2.1	Satellite	Sat
icNicInve2.1	Satellite	Sat
icScaQuad2.1	Satellite	Sat
icCetAura1.1	Satellite	Sat
icMelMelo1.1	Transposon	Trans
inChrCarn1.1	Satellite	Sat
ipIsoGram3.1	Satellite	Sat
ipLeuNigr2.1	Unknown	PRUNED
ipNemPict2.1	Unknown	PRUNED
ipNemDubi1.1	Satellite	Sat
ibEctPall1.hap1.1	Satellite	Sat
igLabMino1.1	Holocentric	H
iuPsoGibb1.1	Holocentric	H
iuLoeVari1.hap1.1	Holocentric	H
iuMesFusc1.1	Holocentric	H
ihAelAcum1.1	Holocentric	H
ihAcaHaem1.1	Holocentric	H
ihIcePurc2.1	Holocentric	H
ioPlaPenn1.1	Holocentric	H
ioIscEleg1.1	Holocentric	H
ieEcdTorr1.1	Satellite	Sat
ieSipAlte2.1	Satellite	Sat
ieProBifi2.1	Satellite	Sat
ieCloDipt1.1	Satellite	Sat
qeDicMinu4.1	Transposon	Trans
qeAllFusc8.1	Satellite	Sat
qeOrcFlav1.1	Satellite	Sat
qeLepCurv1.1	Satellite	Sat
qxSacCarc1.2	Transposon	Trans
qqMetBour1.1	Unknown	PRUNED
nxTriColu2.1	Unknown	PRUNED
tnLinLong1.2	Satellite/transposon	PRUNED
wpAliVire1.1	Satellite	Sat
wpLepClav1.1	Satellite	Sat
wpSthLimi1.1	Transposon	Trans
wcLumRube1.1	Transposon	Trans
wrPisGeom1.1	Transposon	Trans
xgBioGlab47.1	Transposon	Trans
xgGibMagu1.1	Satellite	Sat
xgSteCine2.1	Transposon	Trans
xgPhoLine1.1	Transposon	Trans
xgPatPell1.1	Transposon	Trans
xgPatVulg1.1	Transposon	Trans
xbTriGiga4.1	Unknown	PRUNED
xbTriCroc3.1	Unknown	PRUNED
xbGarTell2.1	Satellite	Sat
xbLimFort5.1	Satellite	Sat
tzMemMemb1.1	Satellite	Sat
tzCryPall5.1	Unknown	PRUNED
tzBugStol2.1	Satellite	Sat
jaNemVect1.1	Satellite	Sat
jaDiaLine6.1	Satellite	Sat
jaRicFlor1.1	Satellite	Sat
jrHalOcto1.1	Satellite	Sat
ocSycCili1.1	Satellite	Sat
gfRusVesc1.hap1.1	Transposon	Trans
gfLacBlen1.hap1.1	Transposon	Trans
gfHerErin3.1	Transposon	Trans
gfClaFumo1.1	Transposon	Trans
gfRamCorn1.1	Transposon	Trans
gfGliIrri2.hap1.1	Transposon	Trans
gfPorCaly1.1	Transposon	Trans
gfHygPuni3.1	Unknown	PRUNED
gfAgaBisp1.1	Transposon	Trans
gfChlBrun1.1	Transposon	Trans
gfCopMica1.1	Transposon	Trans
gfCorTriu1.hap1.1	Unknown	PRUNED
gfInoObsi1.1	Unknown	PRUNED
gfAgrPrae1.1	Transposon	Trans
gfAmaRube1.hap1.1	Transposon	Trans
gfVolSurr1.1	Transposon	Trans
gfLepSord1.hap1.1	Transposon	Trans
gfTriHemi4.1	Unknown	PRUNED
gfEntClyp1.2	Unknown	PRUNED
gfFlaVelt1.2	Transposon	Trans
gfArmOsto1.1	Transposon	Trans
gfPanStip1.1	Transposon	Trans
gfMycGale1.hap1.1	Monocentric sequence unknown	PRUNED
gfPleOstr1.1	Transposon	Trans
gfAurGent2.1	Transposon	Trans
gfButSuba1.1	Transposon	Trans
gfBolQuer1.1	Transposon	Trans
gfLaeSulp1.1	Transposon	Trans
gfSpaMino1.hap1.1	Transposon	Trans
gfGanResi1.1	Transposon	Trans
gfPhaAlbo1.hap1.1	Transposon	Trans
gfTauPull1.1	Transposon	Trans
gyLeoLubr2.1	Transposon	Trans
grLepFlav1.1	Transposon	Trans
grCorFumo1.1	Monocentric sequence unknown	PRUNED
grSimLame1.1	Monocentric sequence unknown	PRUNED
grTriPseu1.1	Transposon	Trans
glRamSili2.1	Transposon	Trans
glClaSqua9.2	Unknown	PRUNED
glPlaGlau9.1	Transposon	Trans
glFlaMari1.1	Transposon	Trans
glUmbDeus1.1	Transposon	Trans
gpAraPeru1.1	Transposon	Trans
glEphLana1.1	Unknown	PRUNED
glLicPygm2.1	Unknown	PRUNED
gdRhiKalk1.hap1.1	Unknown	PRUNED
gsMetZobe1.1	Monocentric sequence unknown	PRUNED
gzMucPiri1.1	Unknown	PRUNED
gzEntParv1.1	Unknown	PRUNED
lpSchTabe1.hap1.1	Holocentric	H
lpSchTriq1.1	Holocentric	H
lpSchLacu1	Holocentric	H
lpCypFusc1.hap1.1	Holocentric	H
lpEleQuin1.1	Holocentric	H
lpCarDepa1.1	Holocentric	H
lpTriCesp1.1	Unknown	PRUNED
lpSciSylv1.hap1.1	Holocentric	H
lpEriAngu1.1	Holocentric	H
lpJunEffu1.1	Satellite	Sat
lpJunBufo1.hap1.1	Satellite	Sat
lpJunSqua1.hap1.1	Satellite	Sat
lpLuzPall1.1	Holocentric	H
lpLuzSylv1.1	Holocentric	H
lpHorVulg1.hap1.1	Transposon	Trans
lpBroSter1.1	Transposon	Trans
lpPolViri1.hap1.1	Transposon	Trans
lpHieOdor1.hap1.1	Transposon	Trans
lpPoaChai1.hap1.1	Transposon	Trans
lpPhlPrat1.hap1.1	Satellite	Sat
lpLeeOryz1.hap1.1	Satellite	Sat
lpPhrAust1.1	Transposon	Trans
lpDigSang1.hap1.1	Satellite	Sat
lpSpaEmer1.hap1.1	Transposon	Trans
lsIriFoet1.hap1.1	Satellite	Sat
ldNarOssi1.1	Transposon	Trans
laTriMari1.1	Satellite/transposon	PRUNED
laPotNata1.hap1.1	Satellite	Sat
laApoDist1.hap1.1	Satellite	Sat
laAliPlan1.1	Satellite	Sat
laLemMinu1.hap1.1	Unknown	PRUNED
ddPopNigr1.1	Satellite	Sat
ddMerAnnu1.1	Satellite	Sat
ddEupPepu3.1	Satellite	Sat
drAilAlti1.1	Transposon	Trans
drFilUlma1.1	Transposon	Trans
drPotAnse1.1	Satellite	Sat
rosCan_S27_v1	Satellite/transposon	PRUNED
drGeuUrba1.1	Transposon	Trans
drGeuRiva1.hap1.1	Satellite	Sat
drMalDome5.1	Transposon	Trans
drMalSylv7.1	Transposon	Trans
drUrtUren1.1	Transposon	Trans
drParJuda1.1	Satellite	Sat
dhCorColu1.hap1.1	Satellite	Sat
dhAlnGlut1.1	Transposon	Trans
dhQueRobu3.1	Satellite	Sat
drAstGlyc1.1	Satellite	Sat
drTriFrag1.1	Satellite	Sat
drMedArab1.1	Satellite	Sat
ddAraThal4.1	Satellite	Sat
ddCarHirs1.hap1.1	Transposon	Trans
ddBarVulg1.1	Satellite	Sat
drChaAngu1.1	Satellite	Sat
daSheArve1.1	Satellite	Sat
daSolDulc1.1	Transposon	Trans
daLinVulg1.1	Satellite	Sat
daMisOron1.1	Satellite	Sat
daScuGale1.1	Satellite	Sat
daBalNigr1.1	Satellite	Sat
daSamNigr1.1	Transposon	Trans
ddHotPalu2.hap1.1	Satellite	Sat
drHedHeli1.1	Satellite	Sat
daArcMinu1.1	Satellite/transposon	PRUNED
daPulDyse1.1	Satellite	Sat
daTanVulg1.hap1.1	Satellite	Sat
dcPolTetr1.hap1.1	Satellite	Sat
dcSpeMari1.1	Satellite	Sat
dcMoeTrin1.hap1.1	Satellite	Sat
dcAreSerp1.hap1.1	Satellite	Sat
dcPolAvic1.1	Satellite	Sat
dmBerVulg1.1	Satellite	Sat
dmAquVulg1.hap1.1	Satellite	Sat
dmThaMinu1.hap1.1	Satellite	Sat
cbIsoPulc3.1	Transposon	Trans
cbRhyLore1.1	Transposon	Trans
cbHylTriq8.1	Transposon	Trans
cbThuTama2.1	Transposon	Trans
cbCalCord2.1	Transposon	Trans
cbRhyConf1.1	Unknown	PRUNED
cbPolSexa1.1	Transposon	Trans
caAndHook4.1	Transposon	Trans
csSphGirg1.1	Transposon	Trans
cjHerHutc3.1	Transposon	Trans
cmLunCruc20.1	Unknown	PRUNED
ucPycProv1.1	Unknown	PRUNED
ucDunPrim2.1	Unknown	PRUNED
ucPseBory1.1	Unknown	PRUNED
ucMarCocc1.1	Unknown	PRUNED
paTetJugo1.1	Unknown	PRUNED
